-- phpMyAdmin SQL Dump
-- version 5.2.1
-- https://www.phpmyadmin.net/
--
-- Host: localhost:3306
-- Generation Time: Mar 24, 2024 at 12:21 PM
-- Server version: 5.7.23-23
-- PHP Version: 8.1.27

SET SQL_MODE = "NO_AUTO_VALUE_ON_ZERO";
START TRANSACTION;
SET time_zone = "+00:00";


/*!40101 SET @OLD_CHARACTER_SET_CLIENT=@@CHARACTER_SET_CLIENT */;
/*!40101 SET @OLD_CHARACTER_SET_RESULTS=@@CHARACTER_SET_RESULTS */;
/*!40101 SET @OLD_COLLATION_CONNECTION=@@COLLATION_CONNECTION */;
/*!40101 SET NAMES utf8mb4 */;

--
-- Database: `papercup_crm`
--

-- --------------------------------------------------------

--
-- Table structure for table `attendance`
--

CREATE TABLE `attendance` (
  `id` int(11) NOT NULL,
  `client_id` int(11) NOT NULL DEFAULT '1001',
  `employee_id` int(11) NOT NULL,
  `attendance_date` date NOT NULL,
  `attendance_month` int(11) NOT NULL,
  `attendance_year` int(11) NOT NULL,
  `reporting_time` time NOT NULL,
  `log_off_time` time DEFAULT NULL,
  `working_hours` varchar(50) DEFAULT NULL,
  `early_log_off_reason` varchar(250) DEFAULT NULL,
  `early_log_off_mints` varchar(50) DEFAULT NULL,
  `is_late_entry` int(11) NOT NULL DEFAULT '0' COMMENT '0 = NO, 1 = YEs',
  `late_mints` varchar(50) DEFAULT NULL,
  `late_entry_reason` varchar(200) DEFAULT NULL,
  `admin_approval_for_late_entry` int(11) NOT NULL DEFAULT '0' COMMENT '0 = NOT APPROVED, 1 = APPROVED',
  `status` varchar(1) NOT NULL DEFAULT 'A',
  `active` int(11) NOT NULL DEFAULT '1' COMMENT '1 = Cycle Active,\r\n2 = Cycle closed',
  `creation_date` datetime NOT NULL DEFAULT CURRENT_TIMESTAMP
) ENGINE=InnoDB DEFAULT CHARSET=utf8mb4;

--
-- Dumping data for table `attendance`
--

INSERT INTO `attendance` (`id`, `client_id`, `employee_id`, `attendance_date`, `attendance_month`, `attendance_year`, `reporting_time`, `log_off_time`, `working_hours`, `early_log_off_reason`, `early_log_off_mints`, `is_late_entry`, `late_mints`, `late_entry_reason`, `admin_approval_for_late_entry`, `status`, `active`, `creation_date`) VALUES
(1, 1001, 13, '2024-01-31', 1, 2024, '17:00:00', '17:00:00', '00:00', NULL, NULL, 1, '9 Hrs.', NULL, 0, 'A', 2, '2024-01-31 17:00:39'),
(2, 1001, 14, '2024-02-01', 2, 2024, '08:12:00', '17:00:00', '08:48', NULL, NULL, 0, NULL, NULL, 0, 'A', 2, '2024-02-01 08:12:46'),
(3, 1001, 13, '2024-02-01', 2, 2024, '08:15:00', '16:58:00', '08:43', NULL, NULL, 0, NULL, NULL, 0, 'A', 2, '2024-02-01 08:15:39'),
(4, 1001, 8, '2024-02-01', 2, 2024, '10:06:00', '19:07:00', '09:01', NULL, NULL, 0, NULL, NULL, 0, 'A', 2, '2024-02-01 10:06:07'),
(5, 1001, 18, '2024-02-01', 2, 2024, '10:12:00', '19:05:00', '08:53', NULL, NULL, 0, NULL, NULL, 0, 'A', 2, '2024-02-01 10:12:20'),
(6, 1001, 15, '2024-02-01', 2, 2024, '10:24:00', '19:01:00', '08:37', NULL, NULL, 0, NULL, NULL, 0, 'A', 2, '2024-02-01 10:24:09'),
(7, 1001, 19, '2024-02-01', 2, 2024, '10:25:00', '19:03:00', '08:38', NULL, NULL, 0, NULL, NULL, 0, 'A', 2, '2024-02-01 10:25:44'),
(8, 1001, 17, '2024-02-01', 2, 2024, '10:29:00', '19:29:00', '09:00', NULL, NULL, 0, NULL, NULL, 0, 'A', 2, '2024-02-01 10:29:29'),
(9, 1001, 6, '2024-02-01', 2, 2024, '10:31:00', '19:36:00', '09:05', NULL, NULL, 0, NULL, NULL, 0, 'A', 2, '2024-02-01 10:31:06'),
(10, 1001, 2, '2024-02-01', 2, 2024, '11:19:00', '20:56:00', '09:37', NULL, NULL, 0, NULL, NULL, 0, 'A', 2, '2024-02-01 11:19:48'),
(11, 1001, 7, '2024-02-01', 2, 2024, '11:39:00', '18:00:00', '06:21', NULL, NULL, 1, '3 Hrs. And 39 Mints', NULL, 0, 'A', 2, '2024-02-01 11:39:50'),
(12, 1001, 10, '2024-02-01', 2, 2024, '11:53:00', '21:03:00', '09:10', NULL, NULL, 0, NULL, NULL, 0, 'A', 2, '2024-02-01 11:53:38'),
(13, 1001, 11, '2024-02-01', 2, 2024, '11:19:00', '21:14:00', '09:55', NULL, NULL, 0, NULL, NULL, 0, 'A', 2, '2024-02-01 11:56:02'),
(14, 1001, 9, '2024-02-01', 2, 2024, '12:22:00', '21:05:00', '08:43', NULL, NULL, 0, NULL, NULL, 0, 'A', 2, '2024-02-01 12:22:04'),
(15, 1001, 20, '2024-02-01', 2, 2024, '13:09:00', NULL, NULL, NULL, NULL, 1, '1 Hrs.', NULL, 0, 'A', 1, '2024-02-01 13:09:56'),
(16, 1001, 13, '2024-02-02', 2, 2024, '08:14:00', '17:01:00', '08:47', NULL, NULL, 0, NULL, NULL, 0, 'A', 2, '2024-02-02 08:14:02'),
(17, 1001, 14, '2024-02-02', 2, 2024, '08:16:00', '17:00:00', '08:44', NULL, NULL, 0, NULL, NULL, 0, 'A', 2, '2024-02-02 08:16:10'),
(18, 1001, 16, '2024-02-02', 2, 2024, '09:48:00', '19:18:00', '09:30', NULL, NULL, 0, NULL, NULL, 0, 'A', 2, '2024-02-02 09:48:50'),
(19, 1001, 8, '2024-02-02', 2, 2024, '09:57:00', '19:01:00', '09:04', NULL, NULL, 0, NULL, NULL, 0, 'A', 2, '2024-02-02 09:57:37'),
(20, 1001, 7, '2024-02-02', 2, 2024, '10:07:00', '23:25:00', '13:18', NULL, NULL, 1, '2 Hrs. And 07 Mints', NULL, 0, 'A', 2, '2024-02-02 10:07:28'),
(21, 1001, 18, '2024-02-02', 2, 2024, '10:12:00', '19:05:00', '08:53', NULL, NULL, 0, NULL, NULL, 0, 'A', 2, '2024-02-02 10:12:08'),
(22, 1001, 19, '2024-02-02', 2, 2024, '10:27:00', '19:02:00', '08:35', NULL, NULL, 0, NULL, NULL, 0, 'A', 2, '2024-02-02 10:27:00'),
(23, 1001, 6, '2024-02-02', 2, 2024, '10:36:00', '19:36:00', '09:00', NULL, NULL, 0, NULL, NULL, 0, 'A', 2, '2024-02-02 10:36:10'),
(24, 1001, 15, '2024-02-02', 2, 2024, '10:49:00', '21:18:00', '10:29', NULL, NULL, 1, '49 Mints', NULL, 0, 'A', 2, '2024-02-02 10:49:25'),
(25, 1001, 11, '2024-02-02', 2, 2024, '11:30:00', '20:26:00', '08:56', NULL, NULL, 0, NULL, NULL, 0, 'A', 2, '2024-02-02 11:30:22'),
(26, 1001, 10, '2024-02-02', 2, 2024, '11:34:00', '20:55:00', '09:21', NULL, NULL, 0, NULL, NULL, 0, 'A', 2, '2024-02-02 11:34:25'),
(27, 1001, 2, '2024-02-02', 2, 2024, '11:54:00', '20:31:00', '08:37', NULL, NULL, 0, NULL, NULL, 0, 'A', 2, '2024-02-02 11:54:26'),
(28, 1001, 17, '2024-02-02', 2, 2024, '12:07:00', '19:13:00', '07:06', NULL, NULL, 1, '2 Hrs. And 07 Mints', NULL, 0, 'A', 2, '2024-02-02 12:07:21'),
(29, 1001, 9, '2024-02-02', 2, 2024, '12:25:00', '20:54:00', '08:29', NULL, NULL, 0, NULL, NULL, 0, 'A', 2, '2024-02-02 12:25:43'),
(30, 1001, 20, '2024-02-02', 2, 2024, '15:56:00', NULL, NULL, NULL, NULL, 1, '3 Hrs. And 56 Mints', NULL, 0, 'A', 1, '2024-02-02 15:56:22'),
(31, 1001, 16, '2024-02-03', 2, 2024, '09:02:00', '15:34:00', '06:32', 'Saturday half day.. domestic sales', '3 Hrs. And 27 Mints.', 0, NULL, NULL, 0, 'A', 2, '2024-02-03 09:02:53'),
(32, 1001, 15, '2024-02-03', 2, 2024, '09:35:00', '19:12:00', '09:37', NULL, NULL, 0, NULL, NULL, 0, 'A', 2, '2024-02-03 09:35:15'),
(33, 1001, 17, '2024-02-03', 2, 2024, '09:36:00', '19:14:00', '09:38', NULL, NULL, 0, NULL, NULL, 0, 'A', 2, '2024-02-03 09:36:46'),
(34, 1001, 8, '2024-02-03', 2, 2024, '10:04:00', '18:30:00', '08:26', 'saturday early log off considered', '31 Mints.', 0, NULL, NULL, 0, 'A', 2, '2024-02-03 10:04:29'),
(35, 1001, 19, '2024-02-03', 2, 2024, '10:09:00', '19:01:00', '08:52', NULL, NULL, 0, NULL, NULL, 0, 'A', 2, '2024-02-03 10:09:32'),
(36, 1001, 6, '2024-02-03', 2, 2024, '10:28:00', '18:59:00', '08:31', 'Saturday half an early log off is considered', '1 Hrs. And 1 Mints.', 0, NULL, NULL, 0, 'A', 2, '2024-02-03 10:28:59'),
(37, 1001, 18, '2024-02-03', 2, 2024, '10:49:00', '19:16:00', '08:27', NULL, NULL, 1, '49 Mints', NULL, 0, 'A', 2, '2024-02-03 10:49:14'),
(38, 1001, 11, '2024-02-03', 2, 2024, '11:10:00', '20:33:00', '09:23', NULL, NULL, 0, NULL, NULL, 0, 'A', 2, '2024-02-03 11:10:39'),
(39, 1001, 10, '2024-02-03', 2, 2024, '11:29:00', '20:52:00', '09:23', NULL, NULL, 0, NULL, NULL, 0, 'A', 2, '2024-02-03 11:29:11'),
(40, 1001, 9, '2024-02-03', 2, 2024, '12:31:00', '20:49:00', '08:18', NULL, NULL, 1, '31 Mints', NULL, 0, 'A', 2, '2024-02-03 12:31:47'),
(41, 1001, 20, '2024-02-03', 2, 2024, '13:23:00', NULL, NULL, NULL, NULL, 1, '1 Hrs. And 23 Mints', NULL, 0, 'A', 1, '2024-02-03 13:23:41'),
(42, 1001, 14, '2024-02-05', 2, 2024, '08:10:00', '17:02:00', '08:52', NULL, NULL, 0, NULL, NULL, 0, 'A', 2, '2024-02-05 08:10:31'),
(43, 1001, 13, '2024-02-05', 2, 2024, '08:16:00', '17:01:00', '08:45', NULL, NULL, 0, NULL, NULL, 0, 'A', 2, '2024-02-05 08:16:46'),
(44, 1001, 16, '2024-02-05', 2, 2024, '09:28:00', '19:05:00', '09:37', NULL, NULL, 0, NULL, NULL, 0, 'A', 2, '2024-02-05 09:28:44'),
(45, 1001, 18, '2024-02-05', 2, 2024, '10:19:00', '19:06:00', '08:47', NULL, NULL, 0, NULL, NULL, 0, 'A', 2, '2024-02-05 10:19:22'),
(46, 1001, 8, '2024-02-05', 2, 2024, '10:21:00', '19:21:00', '09:00', NULL, NULL, 0, NULL, NULL, 0, 'A', 2, '2024-02-05 10:21:03'),
(47, 1001, 17, '2024-02-05', 2, 2024, '10:22:00', '19:07:00', '08:45', NULL, NULL, 0, NULL, NULL, 0, 'A', 2, '2024-02-05 10:22:24'),
(48, 1001, 19, '2024-02-05', 2, 2024, '10:22:00', '19:08:00', '08:46', NULL, NULL, 0, NULL, NULL, 0, 'A', 2, '2024-02-05 10:22:55'),
(49, 1001, 15, '2024-02-05', 2, 2024, '10:24:00', '20:46:00', '10:22', NULL, NULL, 0, NULL, NULL, 0, 'A', 2, '2024-02-05 10:24:13'),
(50, 1001, 6, '2024-02-05', 2, 2024, '10:42:00', '19:43:00', '09:01', NULL, NULL, 0, NULL, NULL, 0, 'A', 2, '2024-02-05 10:42:04'),
(51, 1001, 7, '2024-02-05', 2, 2024, '11:21:00', NULL, NULL, NULL, NULL, 1, '3 Hrs. And 21 Mints', NULL, 0, 'A', 1, '2024-02-05 11:21:20'),
(52, 1001, 11, '2024-02-05', 2, 2024, '11:25:00', '23:28:00', '12:03', NULL, NULL, 0, NULL, NULL, 0, 'A', 2, '2024-02-05 11:25:56'),
(53, 1001, 2, '2024-02-05', 2, 2024, '11:27:00', NULL, NULL, NULL, NULL, 0, NULL, NULL, 0, 'A', 1, '2024-02-05 11:27:32'),
(54, 1001, 20, '2024-02-05', 2, 2024, '12:05:00', NULL, NULL, NULL, NULL, 0, NULL, NULL, 0, 'A', 1, '2024-02-05 12:05:16'),
(55, 1001, 9, '2024-02-05', 2, 2024, '12:28:00', '20:53:00', '08:25', NULL, NULL, 0, NULL, NULL, 0, 'A', 2, '2024-02-05 12:28:51'),
(56, 1001, 10, '2024-02-05', 2, 2024, '12:29:00', '20:45:00', '08:16', NULL, NULL, 0, NULL, NULL, 0, 'A', 2, '2024-02-05 12:29:06'),
(57, 1001, 13, '2024-02-06', 2, 2024, '08:12:00', '16:58:00', '08:46', NULL, NULL, 0, NULL, NULL, 0, 'A', 2, '2024-02-06 08:12:58'),
(58, 1001, 14, '2024-02-06', 2, 2024, '08:17:00', '16:57:00', '08:40', NULL, NULL, 0, NULL, NULL, 0, 'A', 2, '2024-02-06 08:17:31'),
(59, 1001, 7, '2024-02-06', 2, 2024, '09:43:00', NULL, NULL, NULL, NULL, 1, '1 Hrs. And 43 Mints', NULL, 0, 'A', 1, '2024-02-06 09:43:59'),
(60, 1001, 16, '2024-02-06', 2, 2024, '10:05:00', '19:05:00', '09:00', NULL, NULL, 0, NULL, NULL, 0, 'A', 2, '2024-02-06 10:05:15'),
(61, 1001, 19, '2024-02-06', 2, 2024, '10:07:00', '19:01:00', '08:54', NULL, NULL, 0, NULL, NULL, 0, 'A', 2, '2024-02-06 10:07:26'),
(62, 1001, 18, '2024-02-06', 2, 2024, '10:26:00', '19:05:00', '08:39', NULL, NULL, 0, NULL, NULL, 0, 'A', 2, '2024-02-06 10:26:14'),
(63, 1001, 15, '2024-02-06', 2, 2024, '10:27:00', '19:39:00', '09:12', NULL, NULL, 0, NULL, NULL, 0, 'A', 2, '2024-02-06 10:27:54'),
(64, 1001, 6, '2024-02-06', 2, 2024, '10:32:00', '20:36:00', '10:04', NULL, NULL, 0, NULL, NULL, 0, 'A', 2, '2024-02-06 10:32:00'),
(65, 1001, 17, '2024-02-06', 2, 2024, '10:34:00', '19:24:00', '08:50', NULL, NULL, 1, '34 Mints', NULL, 0, 'A', 2, '2024-02-06 10:34:08'),
(66, 1001, 11, '2024-02-06', 2, 2024, '11:27:00', '20:43:00', '09:16', NULL, NULL, 0, NULL, NULL, 0, 'A', 2, '2024-02-06 11:27:46'),
(67, 1001, 10, '2024-02-06', 2, 2024, '11:27:00', '20:46:00', '09:19', NULL, NULL, 0, NULL, NULL, 0, 'A', 2, '2024-02-06 11:27:54'),
(68, 1001, 2, '2024-02-06', 2, 2024, '11:34:00', NULL, NULL, NULL, NULL, 0, NULL, NULL, 0, 'A', 1, '2024-02-06 11:34:16'),
(69, 1001, 20, '2024-02-06', 2, 2024, '12:14:00', NULL, NULL, NULL, NULL, 0, NULL, NULL, 0, 'A', 1, '2024-02-06 12:14:13'),
(70, 1001, 9, '2024-02-06', 2, 2024, '12:13:00', '20:56:00', '08:43', NULL, NULL, 0, NULL, NULL, 0, 'A', 2, '2024-02-06 16:29:29'),
(71, 1001, 14, '2024-02-07', 2, 2024, '08:15:00', '17:02:00', '08:47', NULL, NULL, 0, NULL, NULL, 0, 'A', 2, '2024-02-07 08:15:29'),
(72, 1001, 13, '2024-02-07', 2, 2024, '08:16:00', '17:01:00', '08:45', NULL, NULL, 1, '16 Mints', NULL, 0, 'A', 2, '2024-02-07 08:16:19'),
(73, 1001, 16, '2024-02-07', 2, 2024, '10:00:00', '20:19:00', '10:19', NULL, NULL, 0, NULL, NULL, 0, 'A', 2, '2024-02-07 10:00:24'),
(74, 1001, 8, '2024-02-07', 2, 2024, '10:07:00', '19:08:00', '09:01', NULL, NULL, 0, NULL, NULL, 0, 'A', 2, '2024-02-07 10:07:06'),
(75, 1001, 18, '2024-02-07', 2, 2024, '10:17:00', '19:03:00', '08:46', NULL, NULL, 0, NULL, NULL, 0, 'A', 2, '2024-02-07 10:17:27'),
(76, 1001, 17, '2024-02-07', 2, 2024, '10:20:00', '19:59:00', '09:39', NULL, NULL, 1, '20 Mints', NULL, 0, 'A', 2, '2024-02-07 10:20:29'),
(77, 1001, 19, '2024-02-07', 2, 2024, '10:21:00', '19:01:00', '08:40', NULL, NULL, 1, '21 Mints', NULL, 0, 'A', 2, '2024-02-07 10:21:00'),
(78, 1001, 15, '2024-02-07', 2, 2024, '10:21:00', '19:08:00', '08:47', NULL, NULL, 1, '21 Mints', NULL, 0, 'A', 2, '2024-02-07 10:21:58'),
(79, 1001, 6, '2024-02-07', 2, 2024, '10:56:00', '19:42:00', '08:46', NULL, NULL, 0, NULL, NULL, 0, 'A', 2, '2024-02-07 10:56:47'),
(80, 1001, 11, '2024-02-07', 2, 2024, '11:28:00', '20:44:00', '09:16', NULL, NULL, 0, NULL, NULL, 0, 'A', 2, '2024-02-07 11:28:50'),
(81, 1001, 2, '2024-02-07', 2, 2024, '11:33:00', NULL, NULL, NULL, NULL, 0, NULL, NULL, 0, 'A', 1, '2024-02-07 11:33:00'),
(82, 1001, 10, '2024-02-07', 2, 2024, '11:42:00', '20:35:00', '08:53', NULL, NULL, 0, NULL, NULL, 0, 'A', 2, '2024-02-07 11:42:39'),
(83, 1001, 9, '2024-02-07', 2, 2024, '12:16:00', '21:09:00', '08:53', NULL, NULL, 0, NULL, NULL, 0, 'A', 2, '2024-02-07 12:16:41'),
(84, 1001, 14, '2024-02-08', 2, 2024, '08:13:00', '16:58:00', '08:45', NULL, NULL, 0, NULL, NULL, 0, 'A', 2, '2024-02-08 08:13:30'),
(85, 1001, 13, '2024-02-08', 2, 2024, '08:15:00', '16:58:00', '08:43', NULL, NULL, 0, NULL, NULL, 0, 'A', 2, '2024-02-08 08:15:16'),
(86, 1001, 16, '2024-02-08', 2, 2024, '10:09:00', '19:16:00', '09:07', NULL, NULL, 0, NULL, NULL, 0, 'A', 2, '2024-02-08 10:09:59'),
(87, 1001, 18, '2024-02-08', 2, 2024, '10:19:00', '19:02:00', '08:43', NULL, NULL, 0, NULL, NULL, 0, 'A', 2, '2024-02-08 10:19:26'),
(88, 1001, 15, '2024-02-08', 2, 2024, '10:20:00', '19:02:00', '08:42', NULL, NULL, 0, NULL, NULL, 0, 'A', 2, '2024-02-08 10:20:06'),
(89, 1001, 17, '2024-02-08', 2, 2024, '10:21:00', '19:08:00', '08:47', NULL, NULL, 0, NULL, NULL, 0, 'A', 2, '2024-02-08 10:21:34'),
(90, 1001, 19, '2024-02-08', 2, 2024, '10:32:00', '19:02:00', '08:30', NULL, NULL, 1, '32 Mints', NULL, 0, 'A', 2, '2024-02-08 10:32:08'),
(91, 1001, 6, '2024-02-08', 2, 2024, '10:38:00', '19:39:00', '09:01', NULL, NULL, 0, NULL, NULL, 0, 'A', 2, '2024-02-08 10:38:05'),
(92, 1001, 11, '2024-02-08', 2, 2024, '11:20:00', '21:05:00', '09:45', NULL, NULL, 0, NULL, NULL, 0, 'A', 2, '2024-02-08 11:20:22'),
(93, 1001, 10, '2024-02-08', 2, 2024, '11:26:00', '20:44:00', '09:18', NULL, NULL, 0, NULL, NULL, 0, 'A', 2, '2024-02-08 11:26:32'),
(94, 1001, 2, '2024-02-08', 2, 2024, '11:29:00', NULL, NULL, NULL, NULL, 0, NULL, NULL, 0, 'A', 1, '2024-02-08 11:29:49'),
(95, 1001, 9, '2024-02-08', 2, 2024, '12:15:00', '20:52:00', '08:37', NULL, NULL, 0, NULL, NULL, 0, 'A', 2, '2024-02-08 12:31:11'),
(96, 1001, 14, '2024-02-09', 2, 2024, '08:08:00', '16:59:00', '08:51', NULL, NULL, 0, NULL, NULL, 0, 'A', 2, '2024-02-09 08:08:58'),
(97, 1001, 13, '2024-02-09', 2, 2024, '08:10:00', '16:59:00', '08:49', NULL, NULL, 0, NULL, NULL, 0, 'A', 2, '2024-02-09 08:10:27'),
(98, 1001, 16, '2024-02-09', 2, 2024, '09:29:00', '19:06:00', '09:37', NULL, NULL, 0, NULL, NULL, 0, 'A', 2, '2024-02-09 09:29:20'),
(99, 1001, 18, '2024-02-09', 2, 2024, '09:58:00', '19:02:00', '09:04', NULL, NULL, 0, NULL, NULL, 0, 'A', 2, '2024-02-09 09:58:12'),
(100, 1001, 17, '2024-02-09', 2, 2024, '10:19:00', '20:45:00', '10:26', NULL, NULL, 0, NULL, NULL, 0, 'A', 2, '2024-02-09 10:19:29'),
(101, 1001, 15, '2024-02-09', 2, 2024, '10:23:00', '19:02:00', '08:39', NULL, NULL, 0, NULL, NULL, 0, 'A', 2, '2024-02-09 10:23:03'),
(102, 1001, 19, '2024-02-09', 2, 2024, '10:24:00', '19:02:00', '08:38', NULL, NULL, 0, NULL, NULL, 0, 'A', 2, '2024-02-09 10:24:00'),
(103, 1001, 6, '2024-02-09', 2, 2024, '10:36:00', '19:36:00', '09:00', NULL, NULL, 0, NULL, NULL, 0, 'A', 2, '2024-02-09 10:36:01'),
(104, 1001, 10, '2024-02-09', 2, 2024, '11:18:00', NULL, NULL, NULL, NULL, 0, NULL, NULL, 0, 'A', 1, '2024-02-09 11:18:11'),
(105, 1001, 11, '2024-02-09', 2, 2024, '11:25:00', '21:06:00', '09:41', NULL, NULL, 0, NULL, NULL, 0, 'A', 2, '2024-02-09 11:25:35'),
(106, 1001, 2, '2024-02-09', 2, 2024, '11:29:00', NULL, NULL, NULL, NULL, 0, NULL, NULL, 0, 'A', 1, '2024-02-09 11:29:32'),
(107, 1001, 18, '2024-02-10', 2, 2024, '10:18:00', '19:07:00', '08:49', NULL, NULL, 0, NULL, NULL, 0, 'A', 2, '2024-02-10 10:18:08'),
(108, 1001, 16, '2024-02-10', 2, 2024, '10:20:00', '19:02:00', '08:42', NULL, NULL, 0, NULL, NULL, 0, 'A', 2, '2024-02-10 10:20:16'),
(109, 1001, 19, '2024-02-10', 2, 2024, '10:28:00', '19:00:00', '08:32', NULL, NULL, 0, NULL, NULL, 0, 'A', 2, '2024-02-10 10:28:22'),
(110, 1001, 6, '2024-02-10', 2, 2024, '10:31:00', '18:29:00', '07:58', 'Doctor appointment ', '1 Hrs. And 31 Mints.', 0, NULL, NULL, 0, 'A', 2, '2024-02-10 10:31:18'),
(111, 1001, 17, '2024-02-10', 2, 2024, '10:42:00', '20:46:00', '10:04', NULL, NULL, 1, '42 Mints', NULL, 0, 'A', 2, '2024-02-10 10:42:18'),
(112, 1001, 15, '2024-02-10', 2, 2024, '10:42:00', '19:02:00', '08:20', NULL, NULL, 1, '42 Mints', NULL, 0, 'A', 2, '2024-02-10 10:42:46'),
(113, 1001, 11, '2024-02-10', 2, 2024, '11:24:00', '19:12:00', '07:48', 'After everyone left the office, no key was left available. Saturday', '49 Mints.', 0, NULL, NULL, 0, 'A', 2, '2024-02-10 11:24:02'),
(114, 1001, 10, '2024-02-10', 2, 2024, '11:42:00', NULL, NULL, NULL, NULL, 0, NULL, NULL, 0, 'A', 1, '2024-02-10 11:42:43'),
(115, 1001, 13, '2024-02-12', 2, 2024, '08:13:00', '17:01:00', '08:48', NULL, NULL, 0, NULL, NULL, 0, 'A', 2, '2024-02-12 08:13:29'),
(116, 1001, 14, '2024-02-12', 2, 2024, '08:15:00', '17:00:00', '08:45', NULL, NULL, 0, NULL, NULL, 0, 'A', 2, '2024-02-12 08:15:19'),
(117, 1001, 16, '2024-02-12', 2, 2024, '09:53:00', '19:03:00', '09:10', NULL, NULL, 0, NULL, NULL, 0, 'A', 2, '2024-02-12 09:53:03'),
(118, 1001, 18, '2024-02-12', 2, 2024, '09:58:00', '19:02:00', '09:04', NULL, NULL, 0, NULL, NULL, 0, 'A', 2, '2024-02-12 09:58:19'),
(119, 1001, 8, '2024-02-12', 2, 2024, '10:02:00', '19:04:00', '09:02', NULL, NULL, 0, NULL, NULL, 0, 'A', 2, '2024-02-12 10:02:12'),
(120, 1001, 19, '2024-02-12', 2, 2024, '10:11:00', NULL, NULL, NULL, NULL, 0, NULL, NULL, 0, 'A', 1, '2024-02-12 10:11:33'),
(121, 1001, 15, '2024-02-12', 2, 2024, '10:14:00', '19:01:00', '08:47', NULL, NULL, 0, NULL, NULL, 0, 'A', 2, '2024-02-12 10:14:20'),
(122, 1001, 6, '2024-02-12', 2, 2024, '10:42:00', '19:42:00', '09:00', NULL, NULL, 0, NULL, NULL, 0, 'A', 2, '2024-02-12 10:42:56'),
(123, 1001, 10, '2024-02-12', 2, 2024, '11:22:00', NULL, NULL, NULL, NULL, 0, NULL, NULL, 0, 'A', 1, '2024-02-12 11:22:58'),
(124, 1001, 2, '2024-02-12', 2, 2024, '11:56:00', NULL, NULL, NULL, NULL, 0, NULL, NULL, 0, 'A', 1, '2024-02-12 11:56:24'),
(125, 1001, 21, '2024-02-12', 2, 2024, '13:15:00', '17:24:00', '04:09', 'personal', '1 Hrs. And 36 Mints.', 1, '3 Hrs. And 15 Mints', NULL, 0, 'A', 2, '2024-02-12 13:15:35'),
(126, 1001, 9, '2024-02-12', 2, 2024, '12:16:00', '20:57:00', '08:41', NULL, NULL, 0, NULL, NULL, 0, 'A', 2, '2024-02-12 13:16:13'),
(127, 1001, 14, '2024-02-13', 2, 2024, '08:10:00', '22:22:00', '14:12', NULL, NULL, 0, NULL, NULL, 0, 'A', 2, '2024-02-13 08:10:29'),
(128, 1001, 13, '2024-02-13', 2, 2024, '08:13:00', '17:00:00', '08:47', NULL, NULL, 0, NULL, NULL, 0, 'A', 2, '2024-02-13 08:13:10'),
(129, 1001, 16, '2024-02-13', 2, 2024, '09:51:00', '19:06:00', '09:15', NULL, NULL, 0, NULL, NULL, 0, 'A', 2, '2024-02-13 09:51:54'),
(130, 1001, 21, '2024-02-13', 2, 2024, '10:08:00', '19:01:00', '08:53', NULL, NULL, 0, NULL, NULL, 0, 'A', 2, '2024-02-13 10:08:28'),
(131, 1001, 8, '2024-02-13', 2, 2024, '10:08:00', '19:16:00', '09:08', NULL, NULL, 0, NULL, NULL, 0, 'A', 2, '2024-02-13 10:08:55'),
(132, 1001, 18, '2024-02-13', 2, 2024, '10:12:00', '19:16:00', '09:04', NULL, NULL, 0, NULL, NULL, 0, 'A', 2, '2024-02-13 10:12:11'),
(133, 1001, 19, '2024-02-13', 2, 2024, '10:16:00', NULL, NULL, NULL, NULL, 0, NULL, NULL, 0, 'A', 1, '2024-02-13 10:16:27'),
(134, 1001, 17, '2024-02-13', 2, 2024, '10:16:00', '19:22:00', '09:06', NULL, NULL, 0, NULL, NULL, 0, 'A', 2, '2024-02-13 10:16:39'),
(135, 1001, 6, '2024-02-13', 2, 2024, '10:43:00', '19:41:00', '08:58', NULL, NULL, 0, NULL, NULL, 0, 'A', 2, '2024-02-13 10:43:06'),
(136, 1001, 2, '2024-02-13', 2, 2024, '11:03:00', NULL, NULL, NULL, NULL, 0, NULL, NULL, 0, 'A', 1, '2024-02-13 11:03:08'),
(137, 1001, 10, '2024-02-13', 2, 2024, '11:39:00', NULL, NULL, NULL, NULL, 0, NULL, NULL, 0, 'A', 1, '2024-02-13 11:39:21'),
(138, 1001, 9, '2024-02-13', 2, 2024, '12:23:00', NULL, NULL, NULL, NULL, 0, NULL, NULL, 0, 'A', 1, '2024-02-13 12:23:39'),
(139, 1001, 14, '2024-02-14', 2, 2024, '08:27:00', '17:01:00', '08:34', NULL, NULL, 0, NULL, NULL, 0, 'A', 2, '2024-02-14 08:27:09'),
(140, 1001, 13, '2024-02-14', 2, 2024, '08:54:00', '17:01:00', '08:07', NULL, NULL, 1, '54 Mints', NULL, 0, 'A', 2, '2024-02-14 08:54:09'),
(141, 1001, 18, '2024-02-14', 2, 2024, '10:00:00', '19:07:00', '09:07', NULL, NULL, 0, NULL, NULL, 0, 'A', 2, '2024-02-14 10:00:29'),
(142, 1001, 21, '2024-02-14', 2, 2024, '10:06:00', '19:03:00', '08:57', NULL, NULL, 0, NULL, NULL, 0, 'A', 2, '2024-02-14 10:06:52'),
(143, 1001, 16, '2024-02-14', 2, 2024, '10:08:00', '19:04:00', '08:56', NULL, NULL, 0, NULL, NULL, 0, 'A', 2, '2024-02-14 10:08:07'),
(144, 1001, 15, '2024-02-14', 2, 2024, '10:11:00', NULL, NULL, NULL, NULL, 0, NULL, NULL, 0, 'A', 1, '2024-02-14 10:11:03'),
(145, 1001, 19, '2024-02-14', 2, 2024, '10:11:00', NULL, NULL, NULL, NULL, 0, NULL, NULL, 0, 'A', 1, '2024-02-14 10:11:53'),
(146, 1001, 17, '2024-02-14', 2, 2024, '10:13:00', '19:09:00', '08:56', NULL, NULL, 0, NULL, NULL, 0, 'A', 2, '2024-02-14 10:13:20'),
(147, 1001, 10, '2024-02-14', 2, 2024, '11:07:00', NULL, NULL, NULL, NULL, 0, NULL, NULL, 0, 'A', 1, '2024-02-14 11:07:00'),
(148, 1001, 11, '2024-02-14', 2, 2024, '11:08:00', '16:42:00', '05:34', NULL, NULL, 0, NULL, NULL, 0, 'A', 2, '2024-02-14 11:08:53'),
(149, 1001, 9, '2024-02-14', 2, 2024, '13:00:00', NULL, NULL, NULL, NULL, 1, '1 Hrs. And 00 Mints', NULL, 0, 'A', 1, '2024-02-14 13:00:27'),
(150, 1001, 13, '2024-02-15', 2, 2024, '08:10:00', '17:00:00', '08:50', NULL, NULL, 0, NULL, NULL, 0, 'A', 2, '2024-02-15 08:10:53'),
(151, 1001, 14, '2024-02-15', 2, 2024, '08:14:00', '17:00:00', '08:46', NULL, NULL, 0, NULL, NULL, 0, 'A', 2, '2024-02-15 08:14:06'),
(152, 1001, 16, '2024-02-15', 2, 2024, '09:46:00', '19:05:00', '09:19', NULL, NULL, 0, NULL, NULL, 0, 'A', 2, '2024-02-15 09:46:01'),
(153, 1001, 8, '2024-02-15', 2, 2024, '10:10:00', '19:12:00', '09:02', NULL, NULL, 0, NULL, NULL, 0, 'A', 2, '2024-02-15 10:10:31'),
(154, 1001, 15, '2024-02-15', 2, 2024, '10:12:00', NULL, NULL, NULL, NULL, 0, NULL, NULL, 0, 'A', 1, '2024-02-15 10:12:50'),
(155, 1001, 21, '2024-02-15', 2, 2024, '10:18:00', '19:03:00', '08:45', NULL, NULL, 0, NULL, NULL, 0, 'A', 2, '2024-02-15 10:18:57'),
(156, 1001, 17, '2024-02-15', 2, 2024, '10:19:00', '19:06:00', '08:47', NULL, NULL, 0, NULL, NULL, 0, 'A', 2, '2024-02-15 10:19:33'),
(157, 1001, 19, '2024-02-15', 2, 2024, '10:19:00', NULL, NULL, NULL, NULL, 0, NULL, NULL, 0, 'A', 1, '2024-02-15 10:19:42'),
(158, 1001, 18, '2024-02-15', 2, 2024, '10:30:00', '19:36:00', '09:06', NULL, NULL, 0, NULL, NULL, 0, 'A', 2, '2024-02-15 10:30:53'),
(159, 1001, 6, '2024-02-15', 2, 2024, '10:40:00', '19:54:00', '09:14', NULL, NULL, 0, NULL, NULL, 0, 'A', 2, '2024-02-15 10:40:28'),
(160, 1001, 10, '2024-02-15', 2, 2024, '11:16:00', NULL, NULL, NULL, NULL, 0, NULL, NULL, 0, 'A', 1, '2024-02-15 11:16:19'),
(161, 1001, 2, '2024-02-15', 2, 2024, '12:07:00', NULL, NULL, NULL, NULL, 0, NULL, NULL, 0, 'A', 1, '2024-02-15 12:07:17'),
(162, 1001, 9, '2024-02-15', 2, 2024, '12:22:00', NULL, NULL, NULL, NULL, 0, NULL, NULL, 0, 'A', 1, '2024-02-15 12:22:41'),
(163, 1001, 13, '2024-02-16', 2, 2024, '08:11:00', '17:01:00', '08:50', NULL, NULL, 0, NULL, NULL, 0, 'A', 2, '2024-02-16 08:11:15'),
(164, 1001, 14, '2024-02-16', 2, 2024, '08:12:00', '17:00:00', '08:48', NULL, NULL, 0, NULL, NULL, 0, 'A', 2, '2024-02-16 08:12:12'),
(165, 1001, 16, '2024-02-16', 2, 2024, '09:47:00', '19:05:00', '09:18', NULL, NULL, 0, NULL, NULL, 0, 'A', 2, '2024-02-16 09:47:05'),
(166, 1001, 8, '2024-02-16', 2, 2024, '10:00:00', '19:00:00', '09:00', NULL, NULL, 0, NULL, NULL, 0, 'A', 2, '2024-02-16 10:00:53'),
(167, 1001, 18, '2024-02-16', 2, 2024, '10:13:00', '19:01:00', '08:48', NULL, NULL, 0, NULL, NULL, 0, 'A', 2, '2024-02-16 10:13:00'),
(168, 1001, 19, '2024-02-16', 2, 2024, '10:15:00', NULL, NULL, NULL, NULL, 0, NULL, NULL, 0, 'A', 1, '2024-02-16 10:15:36'),
(169, 1001, 17, '2024-02-16', 2, 2024, '10:25:00', '19:08:00', '08:43', NULL, NULL, 0, NULL, NULL, 0, 'A', 2, '2024-02-16 10:25:00'),
(170, 1001, 15, '2024-02-16', 2, 2024, '10:28:00', NULL, NULL, NULL, NULL, 0, NULL, NULL, 0, 'A', 1, '2024-02-16 10:28:09'),
(171, 1001, 6, '2024-02-16', 2, 2024, '10:43:00', '19:06:00', '08:23', 'Saturday ', '54 Mints.', 0, NULL, NULL, 0, 'A', 2, '2024-02-16 10:43:27'),
(172, 1001, 21, '2024-02-16', 2, 2024, '10:51:00', '19:04:00', '08:13', NULL, NULL, 1, '51 Mints', NULL, 0, 'A', 2, '2024-02-16 10:51:12'),
(173, 1001, 10, '2024-02-16', 2, 2024, '11:34:00', NULL, NULL, NULL, NULL, 0, NULL, NULL, 0, 'A', 1, '2024-02-16 11:34:18'),
(174, 1001, 9, '2024-02-16', 2, 2024, '12:19:00', NULL, NULL, NULL, NULL, 0, NULL, NULL, 0, 'A', 1, '2024-02-16 12:19:14'),
(175, 1001, 8, '2024-02-17', 2, 2024, '10:10:00', '18:30:00', '08:20', NULL, NULL, 0, NULL, NULL, 0, 'A', 2, '2024-02-17 10:10:44'),
(176, 1001, 16, '2024-02-17', 2, 2024, '10:10:00', '19:05:00', '08:55', NULL, NULL, 0, NULL, NULL, 0, 'A', 2, '2024-02-17 10:10:49'),
(177, 1001, 17, '2024-02-17', 2, 2024, '10:11:00', '19:01:00', '08:50', NULL, NULL, 0, NULL, NULL, 0, 'A', 2, '2024-02-17 10:11:15'),
(178, 1001, 15, '2024-02-17', 2, 2024, '10:13:00', NULL, NULL, NULL, NULL, 0, NULL, NULL, 0, 'A', 1, '2024-02-17 10:13:53'),
(179, 1001, 19, '2024-02-17', 2, 2024, '10:20:00', NULL, NULL, NULL, NULL, 0, NULL, NULL, 0, 'A', 1, '2024-02-17 10:20:11'),
(180, 1001, 18, '2024-02-17', 2, 2024, '10:28:00', '19:01:00', '08:33', NULL, NULL, 0, NULL, NULL, 0, 'A', 2, '2024-02-17 10:28:58'),
(181, 1001, 21, '2024-02-17', 2, 2024, '10:32:00', '19:18:00', '08:46', NULL, NULL, 1, '32 Mints', NULL, 0, 'A', 2, '2024-02-17 10:32:47'),
(182, 1001, 6, '2024-02-17', 2, 2024, '10:35:00', '19:40:00', '09:05', NULL, NULL, 0, NULL, NULL, 0, 'A', 2, '2024-02-17 10:35:05'),
(183, 1001, 11, '2024-02-17', 2, 2024, '11:21:00', '20:18:00', '08:57', NULL, NULL, 0, NULL, NULL, 0, 'A', 2, '2024-02-17 11:21:39'),
(184, 1001, 10, '2024-02-17', 2, 2024, '11:22:00', NULL, NULL, NULL, NULL, 0, NULL, NULL, 0, 'A', 1, '2024-02-17 11:22:24'),
(185, 1001, 9, '2024-02-17', 2, 2024, '12:17:00', NULL, NULL, NULL, NULL, 0, NULL, NULL, 0, 'A', 1, '2024-02-17 12:17:43'),
(186, 1001, 13, '2024-02-19', 2, 2024, '08:08:00', '17:00:00', '08:52', NULL, NULL, 0, NULL, NULL, 0, 'A', 2, '2024-02-19 08:08:08'),
(187, 1001, 14, '2024-02-19', 2, 2024, '08:10:00', '17:00:00', '08:50', NULL, NULL, 0, NULL, NULL, 0, 'A', 2, '2024-02-19 08:10:49'),
(188, 1001, 8, '2024-02-19', 2, 2024, '10:03:00', '19:03:00', '09:00', NULL, NULL, 0, NULL, NULL, 0, 'A', 2, '2024-02-19 10:03:18'),
(189, 1001, 18, '2024-02-19', 2, 2024, '10:03:00', '19:06:00', '09:03', NULL, NULL, 0, NULL, NULL, 0, 'A', 2, '2024-02-19 10:03:53'),
(190, 1001, 21, '2024-02-19', 2, 2024, '10:12:00', NULL, NULL, NULL, NULL, 0, NULL, NULL, 0, 'A', 1, '2024-02-19 10:12:43'),
(191, 1001, 15, '2024-02-19', 2, 2024, '10:19:00', NULL, NULL, NULL, NULL, 0, NULL, NULL, 0, 'A', 1, '2024-02-19 10:19:26'),
(192, 1001, 16, '2024-02-19', 2, 2024, '10:24:00', '19:05:00', '08:41', NULL, NULL, 0, NULL, NULL, 0, 'A', 2, '2024-02-19 10:24:16'),
(193, 1001, 17, '2024-02-19', 2, 2024, '10:27:00', '19:01:00', '08:34', NULL, NULL, 0, NULL, NULL, 0, 'A', 2, '2024-02-19 10:27:40'),
(194, 1001, 6, '2024-02-19', 2, 2024, '10:40:00', '19:48:00', '09:08', NULL, NULL, 0, NULL, NULL, 0, 'A', 2, '2024-02-19 10:40:53'),
(195, 1001, 19, '2024-02-19', 2, 2024, '10:45:00', NULL, NULL, NULL, NULL, 1, '45 Mints', NULL, 0, 'A', 1, '2024-02-19 10:45:15'),
(196, 1001, 10, '2024-02-19', 2, 2024, '11:42:00', NULL, NULL, NULL, NULL, 0, NULL, NULL, 0, 'A', 1, '2024-02-19 11:42:14'),
(197, 1001, 7, '2024-02-19', 2, 2024, '12:24:00', NULL, NULL, NULL, NULL, 1, '4 Hrs. And 24 Mints', NULL, 0, 'A', 1, '2024-02-19 12:24:29'),
(198, 1001, 9, '2024-02-19', 2, 2024, '13:14:00', NULL, NULL, NULL, NULL, 1, '1 Hrs. And 14 Mints', NULL, 0, 'A', 1, '2024-02-19 13:14:09'),
(199, 1001, 13, '2024-02-20', 2, 2024, '08:07:00', '17:04:00', '08:57', NULL, NULL, 0, NULL, NULL, 0, 'A', 2, '2024-02-20 08:07:36'),
(200, 1001, 14, '2024-02-20', 2, 2024, '08:10:00', '17:04:00', '08:54', NULL, NULL, 0, NULL, NULL, 0, 'A', 2, '2024-02-20 08:10:15'),
(201, 1001, 16, '2024-02-20', 2, 2024, '10:03:00', '19:05:00', '09:02', NULL, NULL, 0, NULL, NULL, 0, 'A', 2, '2024-02-20 10:03:04'),
(202, 1001, 8, '2024-02-20', 2, 2024, '10:06:00', '19:06:00', '09:00', NULL, NULL, 0, NULL, NULL, 0, 'A', 2, '2024-02-20 10:06:24'),
(203, 1001, 21, '2024-02-20', 2, 2024, '10:07:00', NULL, NULL, NULL, NULL, 0, NULL, NULL, 0, 'A', 1, '2024-02-20 10:07:48'),
(204, 1001, 15, '2024-02-20', 2, 2024, '10:15:00', NULL, NULL, NULL, NULL, 0, NULL, NULL, 0, 'A', 1, '2024-02-20 10:15:11'),
(205, 1001, 17, '2024-02-20', 2, 2024, '10:17:00', '19:06:00', '08:49', NULL, NULL, 0, NULL, NULL, 0, 'A', 2, '2024-02-20 10:17:48'),
(206, 1001, 6, '2024-02-20', 2, 2024, '10:48:00', '19:52:00', '09:04', NULL, NULL, 0, NULL, NULL, 0, 'A', 2, '2024-02-20 10:48:29'),
(207, 1001, 18, '2024-02-20', 2, 2024, '10:54:00', '19:05:00', '08:11', NULL, NULL, 1, '54 Mints', NULL, 0, 'A', 2, '2024-02-20 10:54:59'),
(208, 1001, 11, '2024-02-20', 2, 2024, '11:16:00', '20:24:00', '09:08', NULL, NULL, 0, NULL, NULL, 0, 'A', 2, '2024-02-20 11:16:40'),
(209, 1001, 10, '2024-02-20', 2, 2024, '11:17:00', NULL, NULL, NULL, NULL, 0, NULL, NULL, 0, 'A', 1, '2024-02-20 11:17:09'),
(210, 1001, 2, '2024-02-20', 2, 2024, '11:51:00', NULL, NULL, NULL, NULL, 0, NULL, NULL, 0, 'A', 1, '2024-02-20 11:51:48'),
(211, 1001, 9, '2024-02-20', 2, 2024, '12:24:00', NULL, NULL, NULL, NULL, 0, NULL, NULL, 0, 'A', 1, '2024-02-20 12:24:30'),
(212, 1001, 13, '2024-02-21', 2, 2024, '08:13:00', '17:00:00', '08:47', NULL, NULL, 0, NULL, NULL, 0, 'A', 2, '2024-02-21 08:13:01'),
(213, 1001, 14, '2024-02-21', 2, 2024, '08:13:00', '17:00:00', '08:47', NULL, NULL, 0, NULL, NULL, 0, 'A', 2, '2024-02-21 08:13:32'),
(214, 1001, 16, '2024-02-21', 2, 2024, '10:06:00', '19:05:00', '08:59', NULL, NULL, 0, NULL, NULL, 0, 'A', 2, '2024-02-21 10:06:04'),
(215, 1001, 8, '2024-02-21', 2, 2024, '10:07:00', '19:07:00', '09:00', NULL, NULL, 0, NULL, NULL, 0, 'A', 2, '2024-02-21 10:07:07'),
(216, 1001, 15, '2024-02-21', 2, 2024, '10:17:00', NULL, NULL, NULL, NULL, 0, NULL, NULL, 0, 'A', 1, '2024-02-21 10:17:16'),
(217, 1001, 17, '2024-02-21', 2, 2024, '10:18:00', '19:01:00', '08:43', NULL, NULL, 0, NULL, NULL, 0, 'A', 2, '2024-02-21 10:18:47'),
(218, 1001, 21, '2024-02-21', 2, 2024, '10:20:00', NULL, NULL, NULL, NULL, 0, NULL, NULL, 0, 'A', 1, '2024-02-21 10:20:16'),
(219, 1001, 6, '2024-02-21', 2, 2024, '11:00:00', '18:54:00', '07:54', 'Got early release with Approval ', '1 Hrs. And 6 Mints.', 0, NULL, NULL, 0, 'A', 2, '2024-02-21 11:00:15'),
(220, 1001, 11, '2024-02-21', 2, 2024, '11:22:00', '20:25:00', '09:03', NULL, NULL, 0, NULL, NULL, 0, 'A', 2, '2024-02-21 11:22:12'),
(221, 1001, 9, '2024-02-21', 2, 2024, '12:15:00', NULL, NULL, NULL, NULL, 0, NULL, NULL, 0, 'A', 1, '2024-02-21 13:05:38'),
(222, 1001, 10, '2024-02-21', 2, 2024, '11:40:00', NULL, NULL, NULL, NULL, 0, NULL, NULL, 0, 'A', 1, '2024-02-21 13:30:12'),
(223, 1001, 19, '2024-02-21', 2, 2024, '19:10:00', NULL, NULL, NULL, NULL, 1, '9 Hrs. And 10 Mints', NULL, 0, 'A', 1, '2024-02-21 19:10:44'),
(224, 1001, 13, '2024-02-22', 2, 2024, '08:13:00', '16:59:00', '08:46', NULL, NULL, 0, NULL, NULL, 0, 'A', 2, '2024-02-22 08:13:27'),
(225, 1001, 14, '2024-02-22', 2, 2024, '08:19:00', '17:06:00', '08:47', NULL, NULL, 0, NULL, NULL, 0, 'A', 2, '2024-02-22 08:19:39'),
(226, 1001, 18, '2024-02-22', 2, 2024, '09:57:00', '19:05:00', '09:08', NULL, NULL, 0, NULL, NULL, 0, 'A', 2, '2024-02-22 09:57:57'),
(227, 1001, 8, '2024-02-22', 2, 2024, '10:02:00', '19:00:00', '08:58', NULL, NULL, 0, NULL, NULL, 0, 'A', 2, '2024-02-22 10:02:29'),
(228, 1001, 16, '2024-02-22', 2, 2024, '10:09:00', '19:05:00', '08:56', NULL, NULL, 0, NULL, NULL, 0, 'A', 2, '2024-02-22 10:09:02'),
(229, 1001, 17, '2024-02-22', 2, 2024, '10:09:00', '19:06:00', '08:57', NULL, NULL, 0, NULL, NULL, 0, 'A', 2, '2024-02-22 10:09:18'),
(230, 1001, 15, '2024-02-22', 2, 2024, '10:11:00', NULL, NULL, NULL, NULL, 0, NULL, NULL, 0, 'A', 1, '2024-02-22 10:11:18'),
(231, 1001, 6, '2024-02-22', 2, 2024, '10:38:00', '19:44:00', '09:06', NULL, NULL, 0, NULL, NULL, 0, 'A', 2, '2024-02-22 10:38:17'),
(232, 1001, 21, '2024-02-22', 2, 2024, '10:45:00', NULL, NULL, NULL, NULL, 1, '45 Mints', NULL, 0, 'A', 1, '2024-02-22 10:45:56'),
(233, 1001, 11, '2024-02-22', 2, 2024, '11:00:00', '20:26:00', '09:26', NULL, NULL, 0, NULL, NULL, 0, 'A', 2, '2024-02-22 11:00:46'),
(234, 1001, 10, '2024-02-22', 2, 2024, '11:51:00', NULL, NULL, NULL, NULL, 0, NULL, NULL, 0, 'A', 1, '2024-02-22 11:51:59'),
(235, 1001, 9, '2024-02-22', 2, 2024, '12:10:00', NULL, NULL, NULL, NULL, 0, NULL, NULL, 0, 'A', 1, '2024-02-22 12:10:18'),
(236, 1001, 14, '2024-02-23', 2, 2024, '08:15:00', '17:07:00', '08:52', NULL, NULL, 0, NULL, NULL, 0, 'A', 2, '2024-02-23 08:15:25'),
(237, 1001, 13, '2024-02-23', 2, 2024, '08:17:00', '17:05:00', '08:48', NULL, NULL, 0, NULL, NULL, 0, 'A', 2, '2024-02-23 08:17:26'),
(238, 1001, 8, '2024-02-23', 2, 2024, '09:59:00', '18:32:00', '08:33', NULL, NULL, 0, NULL, NULL, 0, 'A', 2, '2024-02-23 09:59:29'),
(239, 1001, 16, '2024-02-23', 2, 2024, '10:03:00', '19:06:00', '09:03', NULL, NULL, 0, NULL, NULL, 0, 'A', 2, '2024-02-23 10:03:49'),
(240, 1001, 22, '2024-02-23', 2, 2024, '10:10:00', '18:59:00', '08:49', NULL, NULL, 0, NULL, NULL, 0, 'A', 2, '2024-02-23 10:10:25'),
(241, 1001, 18, '2024-02-23', 2, 2024, '10:18:00', '19:07:00', '08:49', NULL, NULL, 0, NULL, NULL, 0, 'A', 2, '2024-02-23 10:18:10'),
(242, 1001, 17, '2024-02-23', 2, 2024, '10:21:00', '19:02:00', '08:41', NULL, NULL, 0, NULL, NULL, 0, 'A', 2, '2024-02-23 10:21:09'),
(243, 1001, 15, '2024-02-23', 2, 2024, '10:22:00', NULL, NULL, NULL, NULL, 0, NULL, NULL, 0, 'A', 1, '2024-02-23 10:22:59'),
(244, 1001, 11, '2024-02-23', 2, 2024, '11:20:00', '20:45:00', '09:25', NULL, NULL, 0, NULL, NULL, 0, 'A', 2, '2024-02-23 11:20:15'),
(245, 1001, 24, '2024-02-23', 2, 2024, '13:27:00', NULL, NULL, NULL, NULL, 1, '1 Hrs. And 27 Mints', NULL, 0, 'A', 1, '2024-02-23 13:27:38'),
(246, 1001, 22, '2024-02-24', 2, 2024, '09:55:00', '18:58:00', '09:03', NULL, NULL, 0, NULL, NULL, 0, 'A', 2, '2024-02-24 09:55:09'),
(247, 1001, 8, '2024-02-24', 2, 2024, '10:01:00', '19:00:00', '08:59', NULL, NULL, 0, NULL, NULL, 0, 'A', 2, '2024-02-24 10:01:42'),
(248, 1001, 18, '2024-02-24', 2, 2024, '10:04:00', '19:03:00', '08:59', NULL, NULL, 0, NULL, NULL, 0, 'A', 2, '2024-02-24 10:04:49'),
(249, 1001, 17, '2024-02-24', 2, 2024, '10:13:00', '19:01:00', '08:48', NULL, NULL, 0, NULL, NULL, 0, 'A', 2, '2024-02-24 10:13:33'),
(250, 1001, 16, '2024-02-24', 2, 2024, '10:15:00', '19:06:00', '08:51', NULL, NULL, 0, NULL, NULL, 0, 'A', 2, '2024-02-24 10:15:11'),
(251, 1001, 25, '2024-02-24', 2, 2024, '10:22:00', '19:03:00', '08:41', NULL, NULL, 0, NULL, NULL, 0, 'A', 2, '2024-02-24 10:22:09'),
(252, 1001, 15, '2024-02-24', 2, 2024, '10:22:00', NULL, NULL, NULL, NULL, 0, NULL, NULL, 0, 'A', 1, '2024-02-24 10:22:47'),
(253, 1001, 11, '2024-02-24', 2, 2024, '10:37:00', '21:20:00', '10:43', NULL, NULL, 0, NULL, NULL, 0, 'A', 2, '2024-02-24 10:49:15'),
(254, 1001, 10, '2024-02-24', 2, 2024, '10:50:00', NULL, NULL, NULL, NULL, 0, NULL, NULL, 0, 'A', 1, '2024-02-24 10:50:41'),
(255, 1001, 9, '2024-02-24', 2, 2024, '13:09:00', NULL, NULL, NULL, NULL, 1, '1 Hrs. And 09 Mints', NULL, 0, 'A', 1, '2024-02-24 13:09:51'),
(256, 1001, 14, '2024-02-26', 2, 2024, '08:09:00', '19:08:00', '10:59', NULL, NULL, 0, NULL, NULL, 0, 'A', 2, '2024-02-26 08:09:59'),
(257, 1001, 13, '2024-02-26', 2, 2024, '08:11:00', '17:00:00', '08:49', NULL, NULL, 0, NULL, NULL, 0, 'A', 2, '2024-02-26 08:11:18'),
(258, 1001, 18, '2024-02-26', 2, 2024, '09:55:00', '19:03:00', '09:08', NULL, NULL, 0, NULL, NULL, 0, 'A', 2, '2024-02-26 09:55:13'),
(259, 1001, 22, '2024-02-26', 2, 2024, '09:55:00', NULL, NULL, NULL, NULL, 0, NULL, NULL, 0, 'A', 1, '2024-02-26 09:55:51'),
(260, 1001, 8, '2024-02-26', 2, 2024, '10:00:00', '19:02:00', '09:02', NULL, NULL, 0, NULL, NULL, 0, 'A', 2, '2024-02-26 10:00:08'),
(261, 1001, 25, '2024-02-26', 2, 2024, '10:06:00', '19:03:00', '08:57', NULL, NULL, 0, NULL, NULL, 0, 'A', 2, '2024-02-26 10:06:59'),
(262, 1001, 23, '2024-02-26', 2, 2024, '10:11:00', '21:56:00', '11:45', NULL, NULL, 0, NULL, NULL, 0, 'A', 2, '2024-02-26 10:11:53'),
(263, 1001, 16, '2024-02-26', 2, 2024, '10:31:00', '19:06:00', '08:35', NULL, NULL, 1, '31 Mints', NULL, 0, 'A', 2, '2024-02-26 10:31:16'),
(264, 1001, 17, '2024-02-26', 2, 2024, '10:36:00', '19:10:00', '08:34', NULL, NULL, 1, '36 Mints', NULL, 0, 'A', 2, '2024-02-26 10:36:02'),
(265, 1001, 15, '2024-02-26', 2, 2024, '10:36:00', NULL, NULL, NULL, NULL, 1, '36 Mints', NULL, 0, 'A', 1, '2024-02-26 10:36:38'),
(266, 1001, 6, '2024-02-26', 2, 2024, '10:43:00', '19:51:00', '09:08', NULL, NULL, 0, NULL, NULL, 0, 'A', 2, '2024-02-26 10:43:10'),
(267, 1001, 10, '2024-02-26', 2, 2024, '11:26:00', NULL, NULL, NULL, NULL, 0, NULL, NULL, 0, 'A', 1, '2024-02-26 11:26:15'),
(268, 1001, 11, '2024-02-26', 2, 2024, '11:22:00', '21:21:00', '09:59', NULL, NULL, 0, NULL, NULL, 0, 'A', 2, '2024-02-26 11:38:28'),
(269, 1001, 9, '2024-02-26', 2, 2024, '12:22:00', NULL, NULL, NULL, NULL, 0, NULL, NULL, 0, 'A', 1, '2024-02-26 12:22:12'),
(270, 1001, 2, '2024-02-26', 2, 2024, '12:34:00', NULL, NULL, NULL, NULL, 1, '34 Mints', NULL, 0, 'A', 1, '2024-02-26 12:34:48'),
(271, 1001, 13, '2024-02-27', 2, 2024, '08:07:00', '17:01:00', '08:54', NULL, NULL, 0, NULL, NULL, 0, 'A', 2, '2024-02-27 08:07:03'),
(272, 1001, 14, '2024-02-27', 2, 2024, '08:20:00', '18:20:00', '10:00', NULL, NULL, 0, NULL, NULL, 0, 'A', 2, '2024-02-27 08:20:25'),
(273, 1001, 8, '2024-02-27', 2, 2024, '10:02:00', '19:01:00', '08:59', NULL, NULL, 0, NULL, NULL, 0, 'A', 2, '2024-02-27 10:02:34'),
(274, 1001, 22, '2024-02-27', 2, 2024, '10:03:00', NULL, NULL, NULL, NULL, 0, NULL, NULL, 0, 'A', 1, '2024-02-27 10:03:32'),
(275, 1001, 25, '2024-02-27', 2, 2024, '10:04:00', '19:04:00', '09:00', NULL, NULL, 0, NULL, NULL, 0, 'A', 2, '2024-02-27 10:04:06'),
(276, 1001, 23, '2024-02-27', 2, 2024, '10:06:00', '19:07:00', '09:01', NULL, NULL, 0, NULL, NULL, 0, 'A', 2, '2024-02-27 10:06:06'),
(277, 1001, 18, '2024-02-27', 2, 2024, '10:12:00', '19:12:00', '09:00', NULL, NULL, 0, NULL, NULL, 0, 'A', 2, '2024-02-27 10:12:35'),
(278, 1001, 16, '2024-02-27', 2, 2024, '10:13:00', '19:06:00', '08:53', NULL, NULL, 0, NULL, NULL, 0, 'A', 2, '2024-02-27 10:13:48'),
(279, 1001, 17, '2024-02-27', 2, 2024, '10:16:00', '19:05:00', '08:49', NULL, NULL, 0, NULL, NULL, 0, 'A', 2, '2024-02-27 10:16:24'),
(280, 1001, 15, '2024-02-27', 2, 2024, '10:43:00', NULL, NULL, NULL, NULL, 1, '43 Mints', NULL, 0, 'A', 1, '2024-02-27 10:43:45'),
(281, 1001, 6, '2024-02-27', 2, 2024, '10:51:00', '19:54:00', '09:03', NULL, NULL, 0, NULL, NULL, 0, 'A', 2, '2024-02-27 10:51:23'),
(282, 1001, 11, '2024-02-27', 2, 2024, '11:21:00', '20:12:00', '08:51', NULL, NULL, 0, NULL, NULL, 0, 'A', 2, '2024-02-27 11:27:24'),
(283, 1001, 10, '2024-02-27', 2, 2024, '11:27:00', NULL, NULL, NULL, NULL, 0, NULL, NULL, 0, 'A', 1, '2024-02-27 11:27:49'),
(284, 1001, 2, '2024-02-27', 2, 2024, '11:52:00', NULL, NULL, NULL, NULL, 0, NULL, NULL, 0, 'A', 1, '2024-02-27 11:52:12'),
(285, 1001, 9, '2024-02-27', 2, 2024, '12:26:00', NULL, NULL, NULL, NULL, 0, NULL, NULL, 0, 'A', 1, '2024-02-27 12:26:16'),
(286, 1001, 28, '2024-02-27', 2, 2024, '14:46:00', '19:03:00', '04:17', NULL, NULL, 1, '4 Hrs. And 46 Mints', NULL, 0, 'A', 2, '2024-02-27 14:46:17'),
(287, 1001, 30, '2024-02-27', 2, 2024, '18:39:00', NULL, NULL, NULL, NULL, 1, '8 Hrs. And 39 Mints', NULL, 0, 'A', 1, '2024-02-27 18:39:06'),
(288, 1001, 14, '2024-02-28', 2, 2024, '08:01:00', '17:01:00', '09:00', NULL, NULL, 0, NULL, NULL, 0, 'A', 2, '2024-02-28 08:01:22'),
(289, 1001, 13, '2024-02-28', 2, 2024, '08:09:00', '17:01:00', '08:52', NULL, NULL, 0, NULL, NULL, 0, 'A', 2, '2024-02-28 08:09:15'),
(290, 1001, 8, '2024-02-28', 2, 2024, '09:59:00', '19:01:00', '09:02', NULL, NULL, 0, NULL, NULL, 0, 'A', 2, '2024-02-28 09:59:04'),
(291, 1001, 22, '2024-02-28', 2, 2024, '10:04:00', NULL, NULL, NULL, NULL, 0, NULL, NULL, 0, 'A', 1, '2024-02-28 10:04:41'),
(292, 1001, 16, '2024-02-28', 2, 2024, '10:06:00', '19:06:00', '09:00', NULL, NULL, 0, NULL, NULL, 0, 'A', 2, '2024-02-28 10:06:30'),
(293, 1001, 25, '2024-02-28', 2, 2024, '10:11:00', '19:01:00', '08:50', NULL, NULL, 0, NULL, NULL, 0, 'A', 2, '2024-02-28 10:11:41'),
(294, 1001, 23, '2024-02-28', 2, 2024, '10:12:00', '19:01:00', '08:49', NULL, NULL, 0, NULL, NULL, 0, 'A', 2, '2024-02-28 10:12:04'),
(295, 1001, 17, '2024-02-28', 2, 2024, '10:17:00', '20:43:00', '10:26', NULL, NULL, 0, NULL, NULL, 0, 'A', 2, '2024-02-28 10:17:47'),
(296, 1001, 18, '2024-02-28', 2, 2024, '10:23:00', '19:07:00', '08:44', NULL, NULL, 0, NULL, NULL, 0, 'A', 2, '2024-02-28 10:23:53'),
(297, 1001, 15, '2024-02-28', 2, 2024, '10:30:00', NULL, NULL, NULL, NULL, 0, NULL, NULL, 0, 'A', 1, '2024-02-28 10:30:20'),
(298, 1001, 6, '2024-02-28', 2, 2024, '10:52:00', '19:57:00', '09:05', NULL, NULL, 0, NULL, NULL, 0, 'A', 2, '2024-02-28 10:52:08'),
(299, 1001, 30, '2024-02-28', 2, 2024, '11:01:00', NULL, NULL, NULL, NULL, 1, '1 Hrs. And 01 Mints', NULL, 0, 'A', 1, '2024-02-28 11:01:43'),
(300, 1001, 11, '2024-02-28', 2, 2024, '11:23:00', '20:55:00', '09:32', NULL, NULL, 0, NULL, NULL, 0, 'A', 2, '2024-02-28 11:23:44'),
(301, 1001, 10, '2024-02-28', 2, 2024, '11:41:00', NULL, NULL, NULL, NULL, 0, NULL, NULL, 0, 'A', 1, '2024-02-28 11:41:11'),
(302, 1001, 2, '2024-02-28', 2, 2024, '12:09:00', NULL, NULL, NULL, NULL, 0, NULL, NULL, 0, 'A', 1, '2024-02-28 12:09:32'),
(303, 1001, 28, '2024-02-28', 2, 2024, '17:00:00', '19:01:00', '02:01', NULL, NULL, 1, '7 Hrs. And 00 Mints', NULL, 0, 'A', 2, '2024-02-28 17:00:40'),
(304, 1001, 13, '2024-02-29', 2, 2024, '08:05:00', '16:58:00', '08:53', NULL, NULL, 0, NULL, NULL, 0, 'A', 2, '2024-02-29 08:05:48'),
(305, 1001, 14, '2024-02-29', 2, 2024, '08:06:00', '16:58:00', '08:52', NULL, NULL, 0, NULL, NULL, 0, 'A', 2, '2024-02-29 08:06:17'),
(306, 1001, 22, '2024-02-29', 2, 2024, '10:01:00', NULL, NULL, NULL, NULL, 0, NULL, NULL, 0, 'A', 1, '2024-02-29 10:01:11'),
(307, 1001, 8, '2024-02-29', 2, 2024, '10:02:00', '19:07:00', '09:05', NULL, NULL, 0, NULL, NULL, 0, 'A', 2, '2024-02-29 10:02:27'),
(308, 1001, 25, '2024-02-29', 2, 2024, '10:12:00', '19:01:00', '08:49', NULL, NULL, 0, NULL, NULL, 0, 'A', 2, '2024-02-29 10:12:46'),
(309, 1001, 23, '2024-02-29', 2, 2024, '10:13:00', '19:01:00', '08:48', NULL, NULL, 0, NULL, NULL, 0, 'A', 2, '2024-02-29 10:13:33'),
(310, 1001, 17, '2024-02-29', 2, 2024, '10:14:00', '19:05:00', '08:51', NULL, NULL, 0, NULL, NULL, 0, 'A', 2, '2024-02-29 10:14:54'),
(311, 1001, 30, '2024-02-29', 2, 2024, '10:16:00', NULL, NULL, NULL, NULL, 0, NULL, NULL, 0, 'A', 1, '2024-02-29 10:16:08'),
(312, 1001, 16, '2024-02-29', 2, 2024, '10:16:00', '19:06:00', '08:50', NULL, NULL, 0, NULL, NULL, 0, 'A', 2, '2024-02-29 10:16:41'),
(313, 1001, 15, '2024-02-29', 2, 2024, '10:17:00', NULL, NULL, NULL, NULL, 0, NULL, NULL, 0, 'A', 1, '2024-02-29 10:17:24'),
(314, 1001, 18, '2024-02-29', 2, 2024, '10:21:00', '19:05:00', '08:44', NULL, NULL, 0, NULL, NULL, 0, 'A', 2, '2024-02-29 10:21:40'),
(315, 1001, 6, '2024-02-29', 2, 2024, '10:53:00', '19:58:00', '09:05', NULL, NULL, 0, NULL, NULL, 0, 'A', 2, '2024-02-29 10:53:46'),
(316, 1001, 10, '2024-02-29', 2, 2024, '11:17:00', NULL, NULL, NULL, NULL, 0, NULL, NULL, 0, 'A', 1, '2024-02-29 11:17:07'),
(317, 1001, 11, '2024-02-29', 2, 2024, '11:28:00', '20:36:00', '09:08', NULL, NULL, 0, NULL, NULL, 0, 'A', 2, '2024-02-29 11:28:25'),
(318, 1001, 2, '2024-02-29', 2, 2024, '12:34:00', NULL, NULL, NULL, NULL, 1, '34 Mints', NULL, 0, 'A', 1, '2024-02-29 12:34:22'),
(319, 1001, 28, '2024-02-29', 2, 2024, '13:07:00', '19:06:00', '05:59', NULL, NULL, 1, '3 Hrs. And 07 Mints', NULL, 0, 'A', 2, '2024-02-29 13:07:10'),
(320, 1001, 13, '2024-03-01', 3, 2024, '08:03:00', '17:01:00', '08:58', NULL, NULL, 0, NULL, NULL, 0, 'A', 2, '2024-03-01 08:03:20'),
(321, 1001, 14, '2024-03-01', 3, 2024, '08:15:00', '17:00:00', '08:45', NULL, NULL, 0, NULL, NULL, 0, 'A', 2, '2024-03-01 08:15:24'),
(322, 1001, 22, '2024-03-01', 3, 2024, '09:52:00', NULL, NULL, NULL, NULL, 0, NULL, NULL, 0, 'A', 1, '2024-03-01 09:52:08'),
(323, 1001, 8, '2024-03-01', 3, 2024, '10:00:00', '19:00:00', '09:00', NULL, NULL, 0, NULL, NULL, 0, 'A', 2, '2024-03-01 10:00:03'),
(324, 1001, 25, '2024-03-01', 3, 2024, '10:07:00', '19:01:00', '08:54', NULL, NULL, 0, NULL, NULL, 0, 'A', 2, '2024-03-01 10:07:41'),
(325, 1001, 23, '2024-03-01', 3, 2024, '10:10:00', '19:02:00', '08:52', NULL, NULL, 0, NULL, NULL, 0, 'A', 2, '2024-03-01 10:10:02'),
(326, 1001, 18, '2024-03-01', 3, 2024, '10:12:00', '19:05:00', '08:53', NULL, NULL, 0, NULL, NULL, 0, 'A', 2, '2024-03-01 10:12:15'),
(327, 1001, 17, '2024-03-01', 3, 2024, '10:18:00', '19:02:00', '08:44', NULL, NULL, 0, NULL, NULL, 0, 'A', 2, '2024-03-01 10:18:34'),
(328, 1001, 6, '2024-03-01', 3, 2024, '10:43:00', '19:47:00', '09:04', NULL, NULL, 0, NULL, NULL, 0, 'A', 2, '2024-03-01 10:43:31'),
(329, 1001, 2, '2024-03-01', 3, 2024, '10:57:00', NULL, NULL, NULL, NULL, 0, NULL, NULL, 0, 'A', 1, '2024-03-01 10:57:18'),
(330, 1001, 10, '2024-03-01', 3, 2024, '11:13:00', NULL, NULL, NULL, NULL, 0, NULL, NULL, 0, 'A', 1, '2024-03-01 11:13:10'),
(331, 1001, 20, '2024-03-01', 3, 2024, '12:51:00', NULL, NULL, NULL, NULL, 1, '51 Mints', NULL, 0, 'A', 1, '2024-03-01 12:51:14'),
(332, 1001, 28, '2024-03-01', 3, 2024, '19:01:00', '19:01:00', '00:00', NULL, NULL, 1, '9 Hrs. And 01 Mints', NULL, 0, 'A', 2, '2024-03-01 19:01:10'),
(333, 1001, 18, '2024-03-02', 3, 2024, '10:08:00', '19:01:00', '08:53', NULL, NULL, 0, NULL, NULL, 0, 'A', 2, '2024-03-02 10:08:23'),
(334, 1001, 25, '2024-03-02', 3, 2024, '10:08:00', '19:12:00', '09:04', NULL, NULL, 0, NULL, NULL, 0, 'A', 2, '2024-03-02 10:08:39'),
(335, 1001, 15, '2024-03-02', 3, 2024, '10:14:00', NULL, NULL, NULL, NULL, 0, NULL, NULL, 0, 'A', 1, '2024-03-02 10:14:05'),
(336, 1001, 17, '2024-03-02', 3, 2024, '10:15:00', '19:00:00', '08:45', NULL, NULL, 0, NULL, NULL, 0, 'A', 2, '2024-03-02 10:15:33'),
(337, 1001, 28, '2024-03-02', 3, 2024, '10:21:00', '19:00:00', '08:39', NULL, NULL, 0, NULL, NULL, 0, 'A', 2, '2024-03-02 10:21:36'),
(338, 1001, 23, '2024-03-02', 3, 2024, '10:22:00', '21:33:00', '11:11', NULL, NULL, 0, NULL, NULL, 0, 'A', 2, '2024-03-02 10:22:52'),
(339, 1001, 10, '2024-03-02', 3, 2024, '11:30:00', NULL, NULL, NULL, NULL, 0, NULL, NULL, 0, 'A', 1, '2024-03-02 11:30:06'),
(340, 1001, 11, '2024-03-02', 3, 2024, '11:23:00', '20:27:00', '09:04', NULL, NULL, 0, NULL, NULL, 0, 'A', 2, '2024-03-02 11:53:08'),
(341, 1001, 20, '2024-03-02', 3, 2024, '10:16:00', NULL, NULL, NULL, NULL, 0, NULL, NULL, 0, 'A', 1, '2024-03-02 11:53:46'),
(342, 1001, 13, '2024-03-04', 3, 2024, '08:12:00', '17:00:00', '08:48', NULL, NULL, 0, NULL, NULL, 0, 'A', 2, '2024-03-04 08:12:26'),
(343, 1001, 14, '2024-03-04', 3, 2024, '08:19:00', '17:00:00', '08:41', NULL, NULL, 0, NULL, NULL, 0, 'A', 2, '2024-03-04 08:19:13'),
(344, 1001, 22, '2024-03-04', 3, 2024, '09:59:00', NULL, NULL, NULL, NULL, 0, NULL, NULL, 0, 'A', 1, '2024-03-04 09:59:54'),
(345, 1001, 8, '2024-03-04', 3, 2024, '10:00:00', '18:30:00', '08:30', NULL, NULL, 0, NULL, NULL, 0, 'A', 2, '2024-03-04 10:00:20'),
(346, 1001, 25, '2024-03-04', 3, 2024, '10:07:00', '19:12:00', '09:05', NULL, NULL, 0, NULL, NULL, 0, 'A', 2, '2024-03-04 10:07:48'),
(347, 1001, 18, '2024-03-04', 3, 2024, '10:08:00', '19:04:00', '08:56', NULL, NULL, 0, NULL, NULL, 0, 'A', 2, '2024-03-04 10:08:19'),
(348, 1001, 15, '2024-03-04', 3, 2024, '10:19:00', NULL, NULL, NULL, NULL, 0, NULL, NULL, 0, 'A', 1, '2024-03-04 10:19:39'),
(349, 1001, 17, '2024-03-04', 3, 2024, '10:32:00', '19:01:00', '08:29', NULL, NULL, 1, '32 Mints', NULL, 0, 'A', 2, '2024-03-04 10:32:28'),
(350, 1001, 6, '2024-03-04', 3, 2024, '10:47:00', '20:02:00', '09:15', NULL, NULL, 0, NULL, NULL, 0, 'A', 2, '2024-03-04 10:47:25'),
(351, 1001, 27, '2024-03-04', 3, 2024, '10:55:00', '19:09:00', '08:14', NULL, NULL, 1, '55 Mints', NULL, 0, 'A', 2, '2024-03-04 10:55:12'),
(352, 1001, 11, '2024-03-04', 3, 2024, '11:06:00', '20:27:00', '09:21', NULL, NULL, 0, NULL, NULL, 0, 'A', 2, '2024-03-04 11:06:02'),
(353, 1001, 10, '2024-03-04', 3, 2024, '11:16:00', NULL, NULL, NULL, NULL, 0, NULL, NULL, 0, 'A', 1, '2024-03-04 11:16:03'),
(354, 1001, 2, '2024-03-04', 3, 2024, '11:40:00', NULL, NULL, NULL, NULL, 0, NULL, NULL, 0, 'A', 1, '2024-03-04 11:40:11'),
(355, 1001, 13, '2024-03-05', 3, 2024, '08:09:00', '17:00:00', '08:51', NULL, NULL, 0, NULL, NULL, 0, 'A', 2, '2024-03-05 08:09:34'),
(356, 1001, 14, '2024-03-05', 3, 2024, '08:16:00', '17:15:00', '08:59', NULL, NULL, 0, NULL, NULL, 0, 'A', 2, '2024-03-05 08:16:42'),
(357, 1001, 8, '2024-03-05', 3, 2024, '09:49:00', '18:54:00', '09:05', NULL, NULL, 0, NULL, NULL, 0, 'A', 2, '2024-03-05 09:49:32'),
(358, 1001, 22, '2024-03-05', 3, 2024, '10:01:00', NULL, NULL, NULL, NULL, 0, NULL, NULL, 0, 'A', 1, '2024-03-05 10:01:13'),
(359, 1001, 31, '2024-03-05', 3, 2024, '10:15:00', '19:06:00', '08:51', NULL, NULL, 0, NULL, NULL, 0, 'A', 2, '2024-03-05 10:15:29'),
(360, 1001, 28, '2024-03-05', 3, 2024, '10:15:00', '18:58:00', '08:43', NULL, NULL, 0, NULL, NULL, 0, 'A', 2, '2024-03-05 10:15:32'),
(361, 1001, 25, '2024-03-05', 3, 2024, '10:16:00', '19:11:00', '08:55', NULL, NULL, 0, NULL, NULL, 0, 'A', 2, '2024-03-05 10:16:03'),
(362, 1001, 18, '2024-03-05', 3, 2024, '10:16:00', '19:04:00', '08:48', NULL, NULL, 0, NULL, NULL, 0, 'A', 2, '2024-03-05 10:16:07'),
(363, 1001, 23, '2024-03-05', 3, 2024, '10:16:00', '21:33:00', '11:17', NULL, NULL, 0, NULL, NULL, 0, 'A', 2, '2024-03-05 10:16:44'),
(364, 1001, 17, '2024-03-05', 3, 2024, '10:16:00', '19:03:00', '08:47', NULL, NULL, 0, NULL, NULL, 0, 'A', 2, '2024-03-05 10:16:52'),
(365, 1001, 15, '2024-03-05', 3, 2024, '10:29:00', NULL, NULL, NULL, NULL, 0, NULL, NULL, 0, 'A', 1, '2024-03-05 10:29:42'),
(366, 1001, 32, '2024-03-05', 3, 2024, '10:34:00', '19:05:00', '08:31', NULL, NULL, 1, '34 Mints', NULL, 0, 'A', 2, '2024-03-05 10:34:29'),
(367, 1001, 27, '2024-03-05', 3, 2024, '10:45:00', '19:01:00', '08:16', NULL, NULL, 1, '45 Mints', NULL, 0, 'A', 2, '2024-03-05 10:45:19'),
(368, 1001, 6, '2024-03-05', 3, 2024, '11:03:00', '19:47:00', '08:44', NULL, NULL, 0, NULL, NULL, 0, 'A', 2, '2024-03-05 11:03:09'),
(369, 1001, 11, '2024-03-05', 3, 2024, '11:09:00', '20:49:00', '09:40', NULL, NULL, 0, NULL, NULL, 0, 'A', 2, '2024-03-05 11:09:52'),
(370, 1001, 10, '2024-03-05', 3, 2024, '11:11:00', NULL, NULL, NULL, NULL, 0, NULL, NULL, 0, 'A', 1, '2024-03-05 11:11:23'),
(371, 1001, 2, '2024-03-05', 3, 2024, '11:22:00', NULL, NULL, NULL, NULL, 0, NULL, NULL, 0, 'A', 1, '2024-03-05 11:22:32'),
(372, 1001, 2, '2024-03-06', 3, 2024, '08:18:00', NULL, NULL, NULL, NULL, 0, NULL, NULL, 0, 'A', 1, '2024-03-06 08:18:11'),
(373, 1001, 14, '2024-03-06', 3, 2024, '08:18:00', '17:00:00', '08:42', NULL, NULL, 0, NULL, NULL, 0, 'A', 2, '2024-03-06 08:18:38'),
(374, 1001, 13, '2024-03-06', 3, 2024, '08:19:00', '17:00:00', '08:41', NULL, NULL, 0, NULL, NULL, 0, 'A', 2, '2024-03-06 08:19:25'),
(375, 1001, 22, '2024-03-06', 3, 2024, '08:20:00', NULL, NULL, NULL, NULL, 0, NULL, NULL, 0, 'A', 1, '2024-03-06 08:20:14'),
(376, 1001, 15, '2024-03-06', 3, 2024, '10:13:00', NULL, NULL, NULL, NULL, 0, NULL, NULL, 0, 'A', 1, '2024-03-06 10:13:09'),
(377, 1001, 31, '2024-03-06', 3, 2024, '10:13:00', '19:26:00', '09:13', NULL, NULL, 0, NULL, NULL, 0, 'A', 2, '2024-03-06 10:13:53'),
(378, 1001, 17, '2024-03-06', 3, 2024, '10:15:00', '19:02:00', '08:47', NULL, NULL, 0, NULL, NULL, 0, 'A', 2, '2024-03-06 10:15:14');
INSERT INTO `attendance` (`id`, `client_id`, `employee_id`, `attendance_date`, `attendance_month`, `attendance_year`, `reporting_time`, `log_off_time`, `working_hours`, `early_log_off_reason`, `early_log_off_mints`, `is_late_entry`, `late_mints`, `late_entry_reason`, `admin_approval_for_late_entry`, `status`, `active`, `creation_date`) VALUES
(379, 1001, 28, '2024-03-06', 3, 2024, '10:17:00', '18:56:00', '08:39', NULL, NULL, 0, NULL, NULL, 0, 'A', 2, '2024-03-06 10:17:32'),
(380, 1001, 25, '2024-03-06', 3, 2024, '10:19:00', '20:02:00', '09:43', NULL, NULL, 0, NULL, NULL, 0, 'A', 2, '2024-03-06 10:19:34'),
(381, 1001, 18, '2024-03-06', 3, 2024, '10:20:00', '19:04:00', '08:44', NULL, NULL, 0, NULL, NULL, 0, 'A', 2, '2024-03-06 10:20:11'),
(382, 1001, 23, '2024-03-06', 3, 2024, '10:23:00', '19:02:00', '08:39', NULL, NULL, 0, NULL, NULL, 0, 'A', 2, '2024-03-06 10:23:21'),
(383, 1001, 32, '2024-03-06', 3, 2024, '10:24:00', '19:01:00', '08:37', NULL, NULL, 0, NULL, NULL, 0, 'A', 2, '2024-03-06 10:24:23'),
(384, 1001, 10, '2024-03-06', 3, 2024, '10:58:00', NULL, NULL, NULL, NULL, 0, NULL, NULL, 0, 'A', 1, '2024-03-06 10:58:51'),
(385, 1001, 11, '2024-03-06', 3, 2024, '11:06:00', '19:03:00', '07:57', 'No key was available', '58 Mints.', 0, NULL, NULL, 0, 'A', 2, '2024-03-06 11:06:36'),
(386, 1001, 20, '2024-03-06', 3, 2024, '18:28:00', NULL, NULL, NULL, NULL, 1, '6 Hrs. And 28 Mints', NULL, 0, 'A', 1, '2024-03-06 18:28:35'),
(387, 1001, 13, '2024-03-07', 3, 2024, '08:16:00', '16:59:00', '08:43', NULL, NULL, 0, NULL, NULL, 0, 'A', 2, '2024-03-07 08:16:17'),
(388, 1001, 14, '2024-03-07', 3, 2024, '08:21:00', '16:59:00', '08:38', NULL, NULL, 0, NULL, NULL, 0, 'A', 2, '2024-03-07 08:21:28'),
(389, 1001, 22, '2024-03-07', 3, 2024, '09:53:00', NULL, NULL, NULL, NULL, 0, NULL, NULL, 0, 'A', 1, '2024-03-07 09:53:20'),
(390, 1001, 23, '2024-03-07', 3, 2024, '10:03:00', '19:03:00', '09:00', NULL, NULL, 0, NULL, NULL, 0, 'A', 2, '2024-03-07 10:03:35'),
(391, 1001, 31, '2024-03-07', 3, 2024, '10:03:00', '19:03:00', '09:00', NULL, NULL, 0, NULL, NULL, 0, 'A', 2, '2024-03-07 10:03:38'),
(392, 1001, 18, '2024-03-07', 3, 2024, '10:05:00', '19:06:00', '09:01', NULL, NULL, 0, NULL, NULL, 0, 'A', 2, '2024-03-07 10:05:13'),
(393, 1001, 28, '2024-03-07', 3, 2024, '10:07:00', '18:59:00', '08:52', NULL, NULL, 0, NULL, NULL, 0, 'A', 2, '2024-03-07 10:07:35'),
(394, 1001, 15, '2024-03-07', 3, 2024, '10:27:00', NULL, NULL, NULL, NULL, 0, NULL, NULL, 0, 'A', 1, '2024-03-07 10:27:17'),
(395, 1001, 17, '2024-03-07', 3, 2024, '10:28:00', '19:01:00', '08:33', NULL, NULL, 0, NULL, NULL, 0, 'A', 2, '2024-03-07 10:28:06'),
(396, 1001, 25, '2024-03-07', 3, 2024, '10:35:00', '19:04:00', '08:29', NULL, NULL, 1, '35 Mints', NULL, 0, 'A', 2, '2024-03-07 10:35:16'),
(397, 1001, 6, '2024-03-07', 3, 2024, '10:45:00', '19:38:00', '08:53', NULL, NULL, 0, NULL, NULL, 0, 'A', 2, '2024-03-07 10:45:01'),
(398, 1001, 10, '2024-03-07', 3, 2024, '10:58:00', NULL, NULL, NULL, NULL, 0, NULL, NULL, 0, 'A', 1, '2024-03-07 10:58:38'),
(399, 1001, 11, '2024-03-07', 3, 2024, '11:01:00', '19:03:00', '08:02', 'No key was available ', '57 Mints.', 0, NULL, NULL, 0, 'A', 2, '2024-03-07 11:01:55'),
(400, 1001, 20, '2024-03-07', 3, 2024, '11:17:00', NULL, NULL, NULL, NULL, 0, NULL, NULL, 0, 'A', 1, '2024-03-07 11:17:03'),
(401, 1001, 2, '2024-03-07', 3, 2024, '11:52:00', NULL, NULL, NULL, NULL, 0, NULL, NULL, 0, 'A', 1, '2024-03-07 11:52:56'),
(402, 1001, 13, '2024-03-08', 3, 2024, '08:23:00', '17:00:00', '08:37', NULL, NULL, 0, NULL, NULL, 0, 'A', 2, '2024-03-08 08:23:55'),
(403, 1001, 14, '2024-03-08', 3, 2024, '08:27:00', '17:01:00', '08:34', NULL, NULL, 0, NULL, NULL, 0, 'A', 2, '2024-03-08 08:27:49'),
(404, 1001, 31, '2024-03-08', 3, 2024, '09:29:00', '19:01:00', '09:32', NULL, NULL, 0, NULL, NULL, 0, 'A', 2, '2024-03-08 09:29:00'),
(405, 1001, 28, '2024-03-08', 3, 2024, '09:52:00', '19:02:00', '09:10', NULL, NULL, 0, NULL, NULL, 0, 'A', 2, '2024-03-08 09:52:49'),
(406, 1001, 22, '2024-03-08', 3, 2024, '09:59:00', NULL, NULL, NULL, NULL, 0, NULL, NULL, 0, 'A', 1, '2024-03-08 09:59:20'),
(407, 1001, 23, '2024-03-08', 3, 2024, '10:10:00', '19:00:00', '08:50', NULL, NULL, 0, NULL, NULL, 0, 'A', 2, '2024-03-08 10:10:50'),
(408, 1001, 18, '2024-03-08', 3, 2024, '10:23:00', '19:03:00', '08:40', NULL, NULL, 0, NULL, NULL, 0, 'A', 2, '2024-03-08 10:23:15'),
(409, 1001, 24, '2024-03-08', 3, 2024, '10:26:00', NULL, NULL, NULL, NULL, 0, NULL, NULL, 0, 'A', 1, '2024-03-08 10:26:03'),
(410, 1001, 6, '2024-03-08', 3, 2024, '10:38:00', '18:50:00', '08:12', 'Saturday ', '1 Hrs. And 10 Mints.', 0, NULL, NULL, 0, 'A', 2, '2024-03-08 10:38:55'),
(411, 1001, 10, '2024-03-08', 3, 2024, '11:00:00', NULL, NULL, NULL, NULL, 0, NULL, NULL, 0, 'A', 1, '2024-03-08 11:00:38'),
(412, 1001, 2, '2024-03-08', 3, 2024, '11:31:00', NULL, NULL, NULL, NULL, 0, NULL, NULL, 0, 'A', 1, '2024-03-08 11:31:37'),
(413, 1001, 20, '2024-03-08', 3, 2024, '11:41:00', NULL, NULL, NULL, NULL, 0, NULL, NULL, 0, 'A', 1, '2024-03-08 11:41:11'),
(414, 1001, 25, '2024-03-08', 3, 2024, '12:10:00', '21:57:00', '09:47', NULL, NULL, 1, '2 Hrs. And 10 Mints', NULL, 0, 'A', 2, '2024-03-08 12:10:16'),
(415, 1001, 18, '2024-03-09', 3, 2024, '10:12:00', '19:03:00', '08:51', NULL, NULL, 0, NULL, NULL, 0, 'A', 2, '2024-03-09 10:12:39'),
(416, 1001, 8, '2024-03-09', 3, 2024, '10:14:00', '18:55:00', '08:41', NULL, NULL, 0, NULL, NULL, 0, 'A', 2, '2024-03-09 10:14:30'),
(417, 1001, 22, '2024-03-09', 3, 2024, '10:15:00', NULL, NULL, NULL, NULL, 0, NULL, NULL, 0, 'A', 1, '2024-03-09 10:15:07'),
(418, 1001, 31, '2024-03-09', 3, 2024, '10:15:00', '20:28:00', '10:13', NULL, NULL, 0, NULL, NULL, 0, 'A', 2, '2024-03-09 10:15:10'),
(419, 1001, 25, '2024-03-09', 3, 2024, '10:16:00', '21:57:00', '11:41', NULL, NULL, 0, NULL, NULL, 0, 'A', 2, '2024-03-09 10:16:21'),
(420, 1001, 17, '2024-03-09', 3, 2024, '10:25:00', '19:02:00', '08:37', NULL, NULL, 0, NULL, NULL, 0, 'A', 2, '2024-03-09 10:25:05'),
(421, 1001, 6, '2024-03-09', 3, 2024, '10:41:00', '19:04:00', '08:23', 'Extra office key is not available ', '57 Mints.', 0, NULL, NULL, 0, 'A', 2, '2024-03-09 10:41:36'),
(422, 1001, 10, '2024-03-09', 3, 2024, '11:09:00', NULL, NULL, NULL, NULL, 0, NULL, NULL, 0, 'A', 1, '2024-03-09 11:09:31'),
(423, 1001, 11, '2024-03-09', 3, 2024, '13:17:00', '19:04:00', '05:47', 'No key was available ', '56 Mints.', 1, '2 Hrs. And 17 Mints', NULL, 0, 'A', 2, '2024-03-09 14:50:36'),
(424, 1001, 11, '2024-03-08', 3, 2024, '11:14:00', '19:10:00', '07:56', 'Timming changed 10 to 7 pm', '50 Mints.', 0, NULL, NULL, 0, 'A', 2, '2024-03-08 11:14:36'),
(425, 1001, 13, '2024-03-11', 3, 2024, '08:14:00', '17:00:00', '08:46', NULL, NULL, 0, NULL, NULL, 0, 'A', 2, '2024-03-11 08:14:17'),
(426, 1001, 14, '2024-03-11', 3, 2024, '08:18:00', '17:01:00', '08:43', NULL, NULL, 0, NULL, NULL, 0, 'A', 2, '2024-03-11 08:18:10'),
(427, 1001, 8, '2024-03-11', 3, 2024, '09:40:00', '18:58:00', '09:18', NULL, NULL, 0, NULL, NULL, 0, 'A', 2, '2024-03-11 09:40:57'),
(428, 1001, 31, '2024-03-11', 3, 2024, '09:53:00', '20:28:00', '10:35', NULL, NULL, 0, NULL, NULL, 0, 'A', 2, '2024-03-11 09:53:09'),
(429, 1001, 10, '2024-03-11', 3, 2024, '09:53:00', NULL, NULL, NULL, NULL, 0, NULL, NULL, 0, 'A', 1, '2024-03-11 09:53:42'),
(430, 1001, 28, '2024-03-11', 3, 2024, '10:00:00', '19:04:00', '09:04', NULL, NULL, 0, NULL, NULL, 0, 'A', 2, '2024-03-11 10:00:24'),
(431, 1001, 22, '2024-03-11', 3, 2024, '10:01:00', NULL, NULL, NULL, NULL, 0, NULL, NULL, 0, 'A', 1, '2024-03-11 10:01:21'),
(432, 1001, 17, '2024-03-11', 3, 2024, '10:14:00', '19:01:00', '08:47', NULL, NULL, 0, NULL, NULL, 0, 'A', 2, '2024-03-11 10:14:07'),
(433, 1001, 15, '2024-03-11', 3, 2024, '10:16:00', NULL, NULL, NULL, NULL, 0, NULL, NULL, 0, 'A', 1, '2024-03-11 10:16:36'),
(434, 1001, 25, '2024-03-11', 3, 2024, '10:21:00', '21:57:00', '11:36', NULL, NULL, 0, NULL, NULL, 0, 'A', 2, '2024-03-11 10:21:27'),
(435, 1001, 23, '2024-03-11', 3, 2024, '10:22:00', '19:00:00', '08:38', NULL, NULL, 0, NULL, NULL, 0, 'A', 2, '2024-03-11 10:22:44'),
(436, 1001, 24, '2024-03-11', 3, 2024, '10:25:00', NULL, NULL, NULL, NULL, 0, NULL, NULL, 0, 'A', 1, '2024-03-11 10:25:43'),
(437, 1001, 2, '2024-03-11', 3, 2024, '11:45:00', NULL, NULL, NULL, NULL, 0, NULL, NULL, 0, 'A', 1, '2024-03-11 11:45:28'),
(438, 1001, 20, '2024-03-11', 3, 2024, '11:47:00', NULL, NULL, NULL, NULL, 0, NULL, NULL, 0, 'A', 1, '2024-03-11 11:47:29'),
(439, 1001, 11, '2024-03-11', 3, 2024, '13:03:00', NULL, NULL, NULL, NULL, 1, '2 Hrs. And 03 Mints', NULL, 0, 'A', 1, '2024-03-11 13:03:11'),
(440, 1001, 13, '2024-03-12', 3, 2024, '08:22:00', '17:06:00', '08:44', NULL, NULL, 0, NULL, NULL, 0, 'A', 2, '2024-03-12 08:22:12'),
(441, 1001, 14, '2024-03-12', 3, 2024, '08:24:00', '17:05:00', '08:41', NULL, NULL, 0, NULL, NULL, 0, 'A', 2, '2024-03-12 08:24:21'),
(442, 1001, 8, '2024-03-12', 3, 2024, '09:54:00', '19:00:00', '09:06', NULL, NULL, 0, NULL, NULL, 0, 'A', 2, '2024-03-12 09:54:50'),
(443, 1001, 22, '2024-03-12', 3, 2024, '09:58:00', NULL, NULL, NULL, NULL, 0, NULL, NULL, 0, 'A', 1, '2024-03-12 09:58:11'),
(444, 1001, 27, '2024-03-12', 3, 2024, '10:03:00', '13:45:00', '03:42', 'Feeling sick', '5 Hrs. And 17 Mints.', 0, NULL, NULL, 0, 'A', 2, '2024-03-12 10:03:16'),
(445, 1001, 28, '2024-03-12', 3, 2024, '10:03:00', '23:41:00', '13:38', NULL, NULL, 0, NULL, NULL, 0, 'A', 2, '2024-03-12 10:03:58'),
(446, 1001, 31, '2024-03-12', 3, 2024, '10:04:00', '19:01:00', '08:57', NULL, NULL, 0, NULL, NULL, 0, 'A', 2, '2024-03-12 10:04:47'),
(447, 1001, 23, '2024-03-12', 3, 2024, '10:05:00', '19:01:00', '08:56', NULL, NULL, 0, NULL, NULL, 0, 'A', 2, '2024-03-12 10:05:59'),
(448, 1001, 17, '2024-03-12', 3, 2024, '10:06:00', '19:04:00', '08:58', NULL, NULL, 0, NULL, NULL, 0, 'A', 2, '2024-03-12 10:06:02'),
(449, 1001, 24, '2024-03-12', 3, 2024, '10:10:00', NULL, NULL, NULL, NULL, 0, NULL, NULL, 0, 'A', 1, '2024-03-12 10:10:57'),
(450, 1001, 25, '2024-03-12', 3, 2024, '10:18:00', '22:08:00', '11:50', NULL, NULL, 0, NULL, NULL, 0, 'A', 2, '2024-03-12 10:18:24'),
(451, 1001, 18, '2024-03-12', 3, 2024, '10:21:00', '19:07:00', '08:46', NULL, NULL, 0, NULL, NULL, 0, 'A', 2, '2024-03-12 10:21:33'),
(452, 1001, 11, '2024-03-12', 3, 2024, '10:26:00', NULL, NULL, NULL, NULL, 0, NULL, NULL, 0, 'A', 1, '2024-03-12 10:26:31'),
(453, 1001, 15, '2024-03-12', 3, 2024, '10:42:00', NULL, NULL, NULL, NULL, 1, '42 Mints', NULL, 0, 'A', 1, '2024-03-12 10:42:55'),
(454, 1001, 30, '2024-03-12', 3, 2024, '10:43:00', NULL, NULL, NULL, NULL, 1, '43 Mints', NULL, 0, 'A', 1, '2024-03-12 10:43:37'),
(455, 1001, 6, '2024-03-12', 3, 2024, '10:53:00', '19:50:00', '08:57', NULL, NULL, 0, NULL, NULL, 0, 'A', 2, '2024-03-12 10:53:45'),
(456, 1001, 10, '2024-03-12', 3, 2024, '18:55:00', NULL, NULL, NULL, NULL, 1, '6 Hrs. And 55 Mints', NULL, 0, 'A', 1, '2024-03-12 18:55:32'),
(457, 1001, 13, '2024-03-13', 3, 2024, '08:09:00', '16:59:00', '08:50', NULL, NULL, 0, NULL, NULL, 0, 'A', 2, '2024-03-13 08:09:40'),
(458, 1001, 14, '2024-03-13', 3, 2024, '08:19:00', '16:59:00', '08:40', NULL, NULL, 0, NULL, NULL, 0, 'A', 2, '2024-03-13 08:19:11'),
(459, 1001, 22, '2024-03-13', 3, 2024, '09:47:00', NULL, NULL, NULL, NULL, 0, NULL, NULL, 0, 'A', 1, '2024-03-13 09:47:19'),
(460, 1001, 31, '2024-03-13', 3, 2024, '09:55:00', '19:01:00', '09:06', NULL, NULL, 0, NULL, NULL, 0, 'A', 2, '2024-03-13 09:55:53'),
(461, 1001, 10, '2024-03-13', 3, 2024, '09:57:00', NULL, NULL, NULL, NULL, 0, NULL, NULL, 0, 'A', 1, '2024-03-13 09:57:23'),
(462, 1001, 23, '2024-03-13', 3, 2024, '09:58:00', '19:01:00', '09:03', NULL, NULL, 0, NULL, NULL, 0, 'A', 2, '2024-03-13 09:58:18'),
(463, 1001, 27, '2024-03-13', 3, 2024, '09:59:00', '19:06:00', '09:07', NULL, NULL, 0, NULL, NULL, 0, 'A', 2, '2024-03-13 09:59:43'),
(464, 1001, 17, '2024-03-13', 3, 2024, '10:13:00', '19:00:00', '08:47', NULL, NULL, 0, NULL, NULL, 0, 'A', 2, '2024-03-13 10:13:20'),
(465, 1001, 28, '2024-03-13', 3, 2024, '10:14:00', '19:00:00', '08:46', NULL, NULL, 0, NULL, NULL, 0, 'A', 2, '2024-03-13 10:14:01'),
(466, 1001, 18, '2024-03-13', 3, 2024, '10:17:00', '19:01:00', '08:44', NULL, NULL, 0, NULL, NULL, 0, 'A', 2, '2024-03-13 10:17:10'),
(467, 1001, 11, '2024-03-13', 3, 2024, '10:26:00', NULL, NULL, NULL, NULL, 0, NULL, NULL, 0, 'A', 1, '2024-03-13 10:26:30'),
(468, 1001, 25, '2024-03-13', 3, 2024, '10:28:00', '22:09:00', '11:41', NULL, NULL, 0, NULL, NULL, 0, 'A', 2, '2024-03-13 10:28:59'),
(469, 1001, 6, '2024-03-13', 3, 2024, '10:49:00', '19:48:00', '08:59', NULL, NULL, 0, NULL, NULL, 0, 'A', 2, '2024-03-13 10:49:10'),
(470, 1001, 7, '2024-03-13', 3, 2024, '11:13:00', NULL, NULL, NULL, NULL, 1, '3 Hrs. And 13 Mints', NULL, 0, 'A', 1, '2024-03-13 11:13:27'),
(471, 1001, 2, '2024-03-13', 3, 2024, '11:16:00', NULL, NULL, NULL, NULL, 0, NULL, NULL, 0, 'A', 1, '2024-03-13 11:16:38'),
(472, 1001, 13, '2024-03-14', 3, 2024, '08:15:00', '17:05:00', '08:50', NULL, NULL, 0, NULL, NULL, 0, 'A', 2, '2024-03-14 08:15:36'),
(473, 1001, 14, '2024-03-14', 3, 2024, '08:25:00', '17:00:00', '08:35', NULL, NULL, 0, NULL, NULL, 0, 'A', 2, '2024-03-14 08:25:19'),
(474, 1001, 20, '2024-03-14', 3, 2024, '09:48:00', NULL, NULL, NULL, NULL, 0, NULL, NULL, 0, 'A', 1, '2024-03-14 09:48:09'),
(475, 1001, 10, '2024-03-14', 3, 2024, '09:49:00', NULL, NULL, NULL, NULL, 0, NULL, NULL, 0, 'A', 1, '2024-03-14 09:49:09'),
(476, 1001, 18, '2024-03-14', 3, 2024, '09:51:00', '19:01:00', '09:10', NULL, NULL, 0, NULL, NULL, 0, 'A', 2, '2024-03-14 09:51:40'),
(477, 1001, 22, '2024-03-14', 3, 2024, '09:56:00', NULL, NULL, NULL, NULL, 0, NULL, NULL, 0, 'A', 1, '2024-03-14 09:56:38'),
(478, 1001, 31, '2024-03-14', 3, 2024, '09:57:00', '19:02:00', '09:05', NULL, NULL, 0, NULL, NULL, 0, 'A', 2, '2024-03-14 09:57:26'),
(479, 1001, 25, '2024-03-14', 3, 2024, '10:00:00', '22:10:00', '12:10', NULL, NULL, 0, NULL, NULL, 0, 'A', 2, '2024-03-14 10:00:19'),
(480, 1001, 23, '2024-03-14', 3, 2024, '10:01:00', '19:01:00', '09:00', NULL, NULL, 0, NULL, NULL, 0, 'A', 2, '2024-03-14 10:01:26'),
(481, 1001, 15, '2024-03-14', 3, 2024, '10:14:00', NULL, NULL, NULL, NULL, 0, NULL, NULL, 0, 'A', 1, '2024-03-14 10:14:22'),
(482, 1001, 17, '2024-03-14', 3, 2024, '10:15:00', '19:00:00', '08:45', NULL, NULL, 0, NULL, NULL, 0, 'A', 2, '2024-03-14 10:15:06'),
(483, 1001, 27, '2024-03-14', 3, 2024, '10:16:00', '19:06:00', '08:50', NULL, NULL, 0, NULL, NULL, 0, 'A', 2, '2024-03-14 10:16:37'),
(484, 1001, 28, '2024-03-14', 3, 2024, '10:17:00', '19:05:00', '08:48', NULL, NULL, 0, NULL, NULL, 0, 'A', 2, '2024-03-14 10:17:20'),
(485, 1001, 11, '2024-03-14', 3, 2024, '10:22:00', NULL, NULL, NULL, NULL, 0, NULL, NULL, 0, 'A', 1, '2024-03-14 10:22:01'),
(486, 1001, 6, '2024-03-14', 3, 2024, '10:48:00', '19:52:00', '09:04', NULL, NULL, 0, NULL, NULL, 0, 'A', 2, '2024-03-14 10:48:42'),
(487, 1001, 14, '2024-03-15', 3, 2024, '08:11:00', '17:00:00', '08:49', NULL, NULL, 0, NULL, NULL, 0, 'A', 2, '2024-03-15 08:11:41'),
(488, 1001, 13, '2024-03-15', 3, 2024, '08:19:00', '17:00:00', '08:41', NULL, NULL, 0, NULL, NULL, 0, 'A', 2, '2024-03-15 08:19:11'),
(489, 1001, 31, '2024-03-15', 3, 2024, '09:50:00', '19:03:00', '09:13', NULL, NULL, 0, NULL, NULL, 0, 'A', 2, '2024-03-15 09:50:26'),
(490, 1001, 18, '2024-03-15', 3, 2024, '09:52:00', NULL, NULL, NULL, NULL, 0, NULL, NULL, 0, 'A', 1, '2024-03-15 09:52:41'),
(491, 1001, 8, '2024-03-15', 3, 2024, '09:55:00', '18:59:00', '09:04', NULL, NULL, 0, NULL, NULL, 0, 'A', 2, '2024-03-15 09:55:10'),
(492, 1001, 23, '2024-03-15', 3, 2024, '09:57:00', '19:02:00', '09:05', NULL, NULL, 0, NULL, NULL, 0, 'A', 2, '2024-03-15 09:57:24'),
(493, 1001, 10, '2024-03-15', 3, 2024, '10:00:00', NULL, NULL, NULL, NULL, 0, NULL, NULL, 0, 'A', 1, '2024-03-15 10:00:01'),
(494, 1001, 22, '2024-03-15', 3, 2024, '10:01:00', NULL, NULL, NULL, NULL, 0, NULL, NULL, 0, 'A', 1, '2024-03-15 10:01:18'),
(495, 1001, 25, '2024-03-15', 3, 2024, '10:01:00', '19:02:00', '09:01', NULL, NULL, 0, NULL, NULL, 0, 'A', 2, '2024-03-15 10:01:28'),
(496, 1001, 27, '2024-03-15', 3, 2024, '10:10:00', '19:00:00', '08:50', NULL, NULL, 0, NULL, NULL, 0, 'A', 2, '2024-03-15 10:10:08'),
(497, 1001, 11, '2024-03-15', 3, 2024, '10:16:00', NULL, NULL, NULL, NULL, 0, NULL, NULL, 0, 'A', 1, '2024-03-15 10:16:41'),
(498, 1001, 15, '2024-03-15', 3, 2024, '10:19:00', NULL, NULL, NULL, NULL, 0, NULL, NULL, 0, 'A', 1, '2024-03-15 10:19:07'),
(499, 1001, 17, '2024-03-15', 3, 2024, '10:20:00', NULL, NULL, NULL, NULL, 0, NULL, NULL, 0, 'A', 1, '2024-03-15 10:20:14'),
(500, 1001, 28, '2024-03-15', 3, 2024, '10:23:00', '19:00:00', '08:37', NULL, NULL, 0, NULL, NULL, 0, 'A', 2, '2024-03-15 10:23:55'),
(501, 1001, 6, '2024-03-15', 3, 2024, '10:48:00', '19:51:00', '09:03', NULL, NULL, 0, NULL, NULL, 0, 'A', 2, '2024-03-15 10:48:09'),
(502, 1001, 31, '2024-03-16', 3, 2024, '10:07:00', '19:37:00', '09:30', NULL, NULL, 0, NULL, NULL, 0, 'A', 2, '2024-03-16 10:07:32'),
(503, 1001, 17, '2024-03-16', 3, 2024, '10:10:00', NULL, NULL, NULL, NULL, 0, NULL, NULL, 0, 'A', 1, '2024-03-16 10:10:38'),
(504, 1001, 18, '2024-03-16', 3, 2024, '10:11:00', NULL, NULL, NULL, NULL, 0, NULL, NULL, 0, 'A', 1, '2024-03-16 10:11:04'),
(505, 1001, 10, '2024-03-16', 3, 2024, '10:11:00', NULL, NULL, NULL, NULL, 0, NULL, NULL, 0, 'A', 1, '2024-03-16 10:11:13'),
(506, 1001, 28, '2024-03-16', 3, 2024, '10:12:00', NULL, NULL, NULL, NULL, 0, NULL, NULL, 0, 'A', 1, '2024-03-16 10:12:53'),
(507, 1001, 33, '2024-03-16', 3, 2024, '10:13:00', '19:02:00', '08:49', NULL, NULL, 0, NULL, NULL, 0, 'A', 2, '2024-03-16 10:13:06'),
(508, 1001, 27, '2024-03-16', 3, 2024, '10:15:00', NULL, NULL, NULL, NULL, 0, NULL, NULL, 0, 'A', 1, '2024-03-16 10:15:58'),
(509, 1001, 25, '2024-03-16', 3, 2024, '10:19:00', '20:07:00', '09:48', NULL, NULL, 0, NULL, NULL, 0, 'A', 2, '2024-03-16 10:19:41'),
(510, 1001, 15, '2024-03-16', 3, 2024, '10:30:00', NULL, NULL, NULL, NULL, 0, NULL, NULL, 0, 'A', 1, '2024-03-16 10:30:25'),
(511, 1001, 34, '2024-03-16', 3, 2024, '10:32:00', '19:01:00', '08:29', NULL, NULL, 1, '32 Mints', NULL, 0, 'A', 2, '2024-03-16 10:32:46'),
(512, 1001, 11, '2024-03-16', 3, 2024, '10:39:00', NULL, NULL, NULL, NULL, 0, NULL, NULL, 0, 'A', 1, '2024-03-16 10:39:37'),
(513, 1001, 23, '2024-03-16', 3, 2024, '11:33:00', '19:01:00', '07:28', NULL, NULL, 1, '1 Hrs. And 33 Mints', NULL, 0, 'A', 2, '2024-03-16 11:33:48'),
(514, 1001, 13, '2024-03-18', 3, 2024, '08:17:00', '17:00:00', '08:43', NULL, NULL, 0, NULL, NULL, 0, 'A', 2, '2024-03-18 08:17:54'),
(515, 1001, 14, '2024-03-18', 3, 2024, '08:38:00', '17:01:00', '08:23', NULL, NULL, 1, '38 Mints', NULL, 0, 'A', 2, '2024-03-18 08:38:12'),
(516, 1001, 8, '2024-03-18', 3, 2024, '09:45:00', '18:57:00', '09:12', NULL, NULL, 0, NULL, NULL, 0, 'A', 2, '2024-03-18 09:45:02'),
(517, 1001, 22, '2024-03-18', 3, 2024, '09:59:00', NULL, NULL, NULL, NULL, 0, NULL, NULL, 0, 'A', 1, '2024-03-18 09:59:17'),
(518, 1001, 23, '2024-03-18', 3, 2024, '10:02:00', '19:01:00', '08:59', NULL, NULL, 0, NULL, NULL, 0, 'A', 2, '2024-03-18 10:02:55'),
(519, 1001, 31, '2024-03-18', 3, 2024, '10:16:00', '19:01:00', '08:45', NULL, NULL, 0, NULL, NULL, 0, 'A', 2, '2024-03-18 10:16:49'),
(520, 1001, 25, '2024-03-18', 3, 2024, '10:17:00', '20:07:00', '09:50', NULL, NULL, 0, NULL, NULL, 0, 'A', 2, '2024-03-18 10:17:37'),
(521, 1001, 16, '2024-03-18', 3, 2024, '10:17:00', '19:06:00', '08:49', NULL, NULL, 0, NULL, NULL, 0, 'A', 2, '2024-03-18 10:17:57'),
(522, 1001, 28, '2024-03-18', 3, 2024, '10:18:00', NULL, NULL, NULL, NULL, 0, NULL, NULL, 0, 'A', 1, '2024-03-18 10:18:20'),
(523, 1001, 17, '2024-03-18', 3, 2024, '10:18:00', NULL, NULL, NULL, NULL, 0, NULL, NULL, 0, 'A', 1, '2024-03-18 10:18:32'),
(524, 1001, 34, '2024-03-18', 3, 2024, '10:26:00', '19:44:00', '09:18', NULL, NULL, 0, NULL, NULL, 0, 'A', 2, '2024-03-18 10:26:22'),
(525, 1001, 18, '2024-03-18', 3, 2024, '10:27:00', NULL, NULL, NULL, NULL, 0, NULL, NULL, 0, 'A', 1, '2024-03-18 10:27:57'),
(526, 1001, 7, '2024-03-18', 3, 2024, '10:47:00', NULL, NULL, NULL, NULL, 1, '2 Hrs. And 47 Mints', NULL, 0, 'A', 1, '2024-03-18 10:47:41'),
(527, 1001, 6, '2024-03-18', 3, 2024, '10:49:00', '20:00:00', '09:11', NULL, NULL, 0, NULL, NULL, 0, 'A', 2, '2024-03-18 10:49:53'),
(528, 1001, 15, '2024-03-18', 3, 2024, '11:19:00', NULL, NULL, NULL, NULL, 1, '1 Hrs. And 19 Mints', NULL, 0, 'A', 1, '2024-03-18 11:19:04'),
(529, 1001, 27, '2024-03-18', 3, 2024, '11:23:00', NULL, NULL, NULL, NULL, 1, '1 Hrs. And 23 Mints', NULL, 0, 'A', 1, '2024-03-18 11:23:27'),
(530, 1001, 13, '2024-03-19', 3, 2024, '08:10:00', '17:04:00', '08:54', NULL, NULL, 0, NULL, NULL, 0, 'A', 2, '2024-03-19 08:10:44'),
(531, 1001, 14, '2024-03-19', 3, 2024, '08:20:00', '17:04:00', '08:44', NULL, NULL, 0, NULL, NULL, 0, 'A', 2, '2024-03-19 08:20:06'),
(532, 1001, 18, '2024-03-19', 3, 2024, '09:35:00', NULL, NULL, NULL, NULL, 0, NULL, NULL, 0, 'A', 1, '2024-03-19 09:35:09'),
(533, 1001, 20, '2024-03-19', 3, 2024, '09:48:00', NULL, NULL, NULL, NULL, 0, NULL, NULL, 0, 'A', 1, '2024-03-19 09:48:22'),
(534, 1001, 31, '2024-03-19', 3, 2024, '09:55:00', '19:01:00', '09:06', NULL, NULL, 0, NULL, NULL, 0, 'A', 2, '2024-03-19 09:55:42'),
(535, 1001, 22, '2024-03-19', 3, 2024, '09:57:00', NULL, NULL, NULL, NULL, 0, NULL, NULL, 0, 'A', 1, '2024-03-19 09:57:34'),
(536, 1001, 28, '2024-03-19', 3, 2024, '10:10:00', NULL, NULL, NULL, NULL, 0, NULL, NULL, 0, 'A', 1, '2024-03-19 10:10:23'),
(537, 1001, 17, '2024-03-19', 3, 2024, '10:14:00', NULL, NULL, NULL, NULL, 0, NULL, NULL, 0, 'A', 1, '2024-03-19 10:14:11'),
(538, 1001, 34, '2024-03-19', 3, 2024, '10:14:00', '19:01:00', '08:47', NULL, NULL, 0, NULL, NULL, 0, 'A', 2, '2024-03-19 10:14:50'),
(539, 1001, 33, '2024-03-19', 3, 2024, '10:17:00', '19:02:00', '08:45', NULL, NULL, 0, NULL, NULL, 0, 'A', 2, '2024-03-19 10:17:53'),
(540, 1001, 15, '2024-03-19', 3, 2024, '10:21:00', NULL, NULL, NULL, NULL, 0, NULL, NULL, 0, 'A', 1, '2024-03-19 10:21:01'),
(541, 1001, 27, '2024-03-19', 3, 2024, '10:36:00', NULL, NULL, NULL, NULL, 1, '36 Mints', NULL, 0, 'A', 1, '2024-03-19 10:36:16'),
(542, 1001, 25, '2024-03-19', 3, 2024, '10:42:00', '20:08:00', '09:26', NULL, NULL, 1, '42 Mints', NULL, 0, 'A', 2, '2024-03-19 10:42:48'),
(543, 1001, 6, '2024-03-19', 3, 2024, '11:07:00', '20:38:00', '09:31', NULL, NULL, 0, NULL, NULL, 0, 'A', 2, '2024-03-19 11:07:16'),
(544, 1001, 2, '2024-03-19', 3, 2024, '11:49:00', NULL, NULL, NULL, NULL, 0, NULL, NULL, 0, 'A', 1, '2024-03-19 11:49:58'),
(545, 1001, 8, '2024-03-19', 3, 2024, '14:13:00', NULL, NULL, NULL, NULL, 1, '4 Hrs. And 13 Mints', NULL, 0, 'A', 1, '2024-03-19 14:13:13'),
(546, 1001, 13, '2024-03-20', 3, 2024, '08:20:00', '16:57:00', '08:37', NULL, NULL, 0, NULL, NULL, 0, 'A', 2, '2024-03-20 08:20:44'),
(547, 1001, 14, '2024-03-20', 3, 2024, '08:30:00', '16:58:00', '08:28', NULL, NULL, 0, NULL, NULL, 0, 'A', 2, '2024-03-20 08:30:17'),
(548, 1001, 18, '2024-03-20', 3, 2024, '09:41:00', NULL, NULL, NULL, NULL, 0, NULL, NULL, 0, 'A', 1, '2024-03-20 09:41:56'),
(549, 1001, 22, '2024-03-20', 3, 2024, '09:49:00', NULL, NULL, NULL, NULL, 0, NULL, NULL, 0, 'A', 1, '2024-03-20 09:49:02'),
(550, 1001, 8, '2024-03-20', 3, 2024, '09:59:00', NULL, NULL, NULL, NULL, 0, NULL, NULL, 0, 'A', 1, '2024-03-20 09:59:15'),
(551, 1001, 10, '2024-03-20', 3, 2024, '10:01:00', NULL, NULL, NULL, NULL, 0, NULL, NULL, 0, 'A', 1, '2024-03-20 10:01:06'),
(552, 1001, 34, '2024-03-20', 3, 2024, '10:15:00', NULL, NULL, NULL, NULL, 0, NULL, NULL, 0, 'A', 1, '2024-03-20 10:15:13'),
(553, 1001, 17, '2024-03-20', 3, 2024, '10:16:00', NULL, NULL, NULL, NULL, 0, NULL, NULL, 0, 'A', 1, '2024-03-20 10:16:58'),
(554, 1001, 28, '2024-03-20', 3, 2024, '10:18:00', NULL, NULL, NULL, NULL, 0, NULL, NULL, 0, 'A', 1, '2024-03-20 10:18:47'),
(555, 1001, 25, '2024-03-20', 3, 2024, '10:18:00', '20:08:00', '09:50', NULL, NULL, 0, NULL, NULL, 0, 'A', 2, '2024-03-20 10:18:59'),
(556, 1001, 31, '2024-03-20', 3, 2024, '10:19:00', '19:01:00', '08:42', NULL, NULL, 0, NULL, NULL, 0, 'A', 2, '2024-03-20 10:19:10'),
(557, 1001, 16, '2024-03-20', 3, 2024, '10:25:00', '19:06:00', '08:41', NULL, NULL, 0, NULL, NULL, 0, 'A', 2, '2024-03-20 10:25:58'),
(558, 1001, 27, '2024-03-20', 3, 2024, '10:49:00', NULL, NULL, NULL, NULL, 1, '49 Mints', NULL, 0, 'A', 1, '2024-03-20 10:49:33'),
(559, 1001, 33, '2024-03-20', 3, 2024, '10:58:00', '19:03:00', '08:05', NULL, NULL, 1, '58 Mints', NULL, 0, 'A', 2, '2024-03-20 10:58:17'),
(560, 1001, 6, '2024-03-20', 3, 2024, '11:01:00', '19:49:00', '08:48', NULL, NULL, 0, NULL, NULL, 0, 'A', 2, '2024-03-20 11:01:50'),
(561, 1001, 2, '2024-03-20', 3, 2024, '11:14:00', NULL, NULL, NULL, NULL, 0, NULL, NULL, 0, 'A', 1, '2024-03-20 11:14:44'),
(562, 1001, 23, '2024-03-20', 3, 2024, '12:30:00', '19:01:00', '06:31', NULL, NULL, 1, '2 Hrs. And 30 Mints', NULL, 0, 'A', 2, '2024-03-20 12:30:48'),
(563, 1001, 13, '2024-03-21', 3, 2024, '08:21:00', '17:01:00', '08:40', NULL, NULL, 0, NULL, NULL, 0, 'A', 2, '2024-03-21 08:21:25'),
(564, 1001, 8, '2024-03-21', 3, 2024, '09:41:00', NULL, NULL, NULL, NULL, 0, NULL, NULL, 0, 'A', 1, '2024-03-21 09:41:59'),
(565, 1001, 18, '2024-03-21', 3, 2024, '09:43:00', NULL, NULL, NULL, NULL, 0, NULL, NULL, 0, 'A', 1, '2024-03-21 09:43:53'),
(566, 1001, 31, '2024-03-21', 3, 2024, '09:52:00', NULL, NULL, NULL, NULL, 0, NULL, NULL, 0, 'A', 1, '2024-03-21 09:52:00'),
(567, 1001, 22, '2024-03-21', 3, 2024, '09:58:00', NULL, NULL, NULL, NULL, 0, NULL, NULL, 0, 'A', 1, '2024-03-21 09:58:31'),
(568, 1001, 34, '2024-03-21', 3, 2024, '10:05:00', NULL, NULL, NULL, NULL, 0, NULL, NULL, 0, 'A', 1, '2024-03-21 10:05:31'),
(569, 1001, 16, '2024-03-21', 3, 2024, '10:07:00', NULL, NULL, NULL, NULL, 0, NULL, NULL, 0, 'A', 1, '2024-03-21 10:07:42'),
(570, 1001, 14, '2024-03-21', 3, 2024, '10:08:00', '17:02:00', '06:54', NULL, NULL, 1, '2 Hrs. And 08 Mints', NULL, 0, 'A', 2, '2024-03-21 10:08:59'),
(571, 1001, 10, '2024-03-21', 3, 2024, '10:10:00', NULL, NULL, NULL, NULL, 0, NULL, NULL, 0, 'A', 1, '2024-03-21 10:10:31'),
(572, 1001, 28, '2024-03-21', 3, 2024, '10:13:00', NULL, NULL, NULL, NULL, 0, NULL, NULL, 0, 'A', 1, '2024-03-21 10:13:10'),
(573, 1001, 27, '2024-03-21', 3, 2024, '10:14:00', NULL, NULL, NULL, NULL, 0, NULL, NULL, 0, 'A', 1, '2024-03-21 10:14:52'),
(574, 1001, 17, '2024-03-21', 3, 2024, '10:19:00', NULL, NULL, NULL, NULL, 0, NULL, NULL, 0, 'A', 1, '2024-03-21 10:19:16'),
(575, 1001, 15, '2024-03-21', 3, 2024, '10:21:00', NULL, NULL, NULL, NULL, 0, NULL, NULL, 0, 'A', 1, '2024-03-21 10:21:56'),
(576, 1001, 25, '2024-03-21', 3, 2024, '10:26:00', '20:08:00', '09:42', NULL, NULL, 0, NULL, NULL, 0, 'A', 2, '2024-03-21 10:26:14'),
(577, 1001, 6, '2024-03-21', 3, 2024, '10:49:00', NULL, NULL, NULL, NULL, 0, NULL, NULL, 0, 'A', 1, '2024-03-21 10:49:27'),
(578, 1001, 23, '2024-03-21', 3, 2024, '11:21:00', NULL, NULL, NULL, NULL, 1, '1 Hrs. And 21 Mints', NULL, 0, 'A', 1, '2024-03-21 11:21:10'),
(579, 1001, 13, '2024-03-22', 3, 2024, '08:15:00', '17:00:00', '08:45', NULL, NULL, 0, NULL, NULL, 0, 'A', 2, '2024-03-22 08:15:30'),
(580, 1001, 14, '2024-03-22', 3, 2024, '08:32:00', '17:03:00', '08:31', NULL, NULL, 1, '32 Mints', NULL, 0, 'A', 2, '2024-03-22 08:32:07'),
(581, 1001, 22, '2024-03-22', 3, 2024, '09:47:00', NULL, NULL, NULL, NULL, 0, NULL, NULL, 0, 'A', 1, '2024-03-22 09:47:43'),
(582, 1001, 18, '2024-03-22', 3, 2024, '09:51:00', '19:01:00', '09:10', NULL, NULL, 0, NULL, NULL, 0, 'A', 2, '2024-03-22 09:51:41'),
(583, 1001, 8, '2024-03-22', 3, 2024, '09:57:00', '18:58:00', '09:01', NULL, NULL, 0, NULL, NULL, 0, 'A', 2, '2024-03-22 09:57:14'),
(584, 1001, 10, '2024-03-22', 3, 2024, '10:01:00', NULL, NULL, NULL, NULL, 0, NULL, NULL, 0, 'A', 1, '2024-03-22 10:01:37'),
(585, 1001, 16, '2024-03-22', 3, 2024, '10:04:00', NULL, NULL, NULL, NULL, 0, NULL, NULL, 0, 'A', 1, '2024-03-22 10:04:10'),
(586, 1001, 23, '2024-03-22', 3, 2024, '10:05:00', NULL, NULL, NULL, NULL, 0, NULL, NULL, 0, 'A', 1, '2024-03-22 10:05:51'),
(587, 1001, 28, '2024-03-22', 3, 2024, '10:06:00', '19:00:00', '08:54', NULL, NULL, 0, NULL, NULL, 0, 'A', 2, '2024-03-22 10:06:51'),
(588, 1001, 17, '2024-03-22', 3, 2024, '10:13:00', '19:00:00', '08:47', NULL, NULL, 0, NULL, NULL, 0, 'A', 2, '2024-03-22 10:13:50'),
(589, 1001, 31, '2024-03-22', 3, 2024, '10:13:00', '19:00:00', '08:47', NULL, NULL, 0, NULL, NULL, 0, 'A', 2, '2024-03-22 10:13:58'),
(590, 1001, 27, '2024-03-22', 3, 2024, '10:17:00', '19:01:00', '08:44', NULL, NULL, 0, NULL, NULL, 0, 'A', 2, '2024-03-22 10:17:01'),
(591, 1001, 25, '2024-03-22', 3, 2024, '10:22:00', '21:52:00', '11:30', NULL, NULL, 0, NULL, NULL, 0, 'A', 2, '2024-03-22 10:22:55'),
(592, 1001, 15, '2024-03-22', 3, 2024, '10:26:00', NULL, NULL, NULL, NULL, 0, NULL, NULL, 0, 'A', 1, '2024-03-22 10:26:58'),
(593, 1001, 6, '2024-03-22', 3, 2024, '10:49:00', '19:51:00', '09:02', NULL, NULL, 0, NULL, NULL, 0, 'A', 2, '2024-03-22 10:49:06'),
(594, 1001, 20, '2024-03-22', 3, 2024, '12:34:00', NULL, NULL, NULL, NULL, 1, '34 Mints', NULL, 0, 'A', 1, '2024-03-22 12:34:12'),
(596, 1001, 16, '2024-03-23', 3, 2024, '08:10:00', NULL, NULL, NULL, NULL, 0, NULL, NULL, 0, 'A', 1, '2024-03-23 08:10:14'),
(597, 1001, 22, '2024-03-23', 3, 2024, '09:51:00', NULL, NULL, NULL, NULL, 0, NULL, NULL, 0, 'A', 1, '2024-03-23 09:51:24'),
(598, 1001, 8, '2024-03-23', 3, 2024, '09:57:00', '18:30:00', '08:33', NULL, NULL, 0, NULL, NULL, 0, 'A', 2, '2024-03-23 09:57:58'),
(599, 1001, 18, '2024-03-23', 3, 2024, '10:02:00', NULL, NULL, NULL, NULL, 0, NULL, NULL, 0, 'A', 1, '2024-03-23 10:02:09'),
(600, 1001, 10, '2024-03-23', 3, 2024, '10:03:00', NULL, NULL, NULL, NULL, 0, NULL, NULL, 0, 'A', 1, '2024-03-23 10:03:10'),
(601, 1001, 31, '2024-03-23', 3, 2024, '10:07:00', NULL, NULL, NULL, NULL, 0, NULL, NULL, 0, 'A', 1, '2024-03-23 10:07:01'),
(602, 1001, 33, '2024-03-23', 3, 2024, '10:11:00', NULL, NULL, NULL, NULL, 0, NULL, NULL, 0, 'A', 1, '2024-03-23 10:11:52'),
(603, 1001, 17, '2024-03-23', 3, 2024, '10:15:00', NULL, NULL, NULL, NULL, 0, NULL, NULL, 0, 'A', 1, '2024-03-23 10:15:21'),
(604, 1001, 28, '2024-03-23', 3, 2024, '10:17:00', NULL, NULL, NULL, NULL, 0, NULL, NULL, 0, 'A', 1, '2024-03-23 10:17:14'),
(605, 1001, 23, '2024-03-23', 3, 2024, '10:19:00', NULL, NULL, NULL, NULL, 0, NULL, NULL, 0, 'A', 1, '2024-03-23 10:19:23'),
(606, 1001, 34, '2024-03-23', 3, 2024, '10:22:00', NULL, NULL, NULL, NULL, 0, NULL, NULL, 0, 'A', 1, '2024-03-23 10:22:16'),
(607, 1001, 27, '2024-03-23', 3, 2024, '10:26:00', NULL, NULL, NULL, NULL, 0, NULL, NULL, 0, 'A', 1, '2024-03-23 10:26:31'),
(608, 1001, 15, '2024-03-23', 3, 2024, '10:40:00', NULL, NULL, NULL, NULL, 1, '40 Mints', NULL, 0, 'A', 1, '2024-03-23 10:40:10'),
(609, 1001, 6, '2024-03-23', 3, 2024, '10:53:00', '19:12:00', '08:19', 'Saturday ', '48 Mints.', 0, NULL, NULL, 0, 'A', 2, '2024-03-23 10:53:46'),
(610, 1001, 25, '2024-03-23', 3, 2024, '11:06:00', NULL, NULL, NULL, NULL, 1, '1 Hrs. And 06 Mints', NULL, 0, 'A', 1, '2024-03-23 11:06:36');

-- --------------------------------------------------------

--
-- Table structure for table `client`
--

CREATE TABLE `client` (
  `client_id` int(11) NOT NULL,
  `user_id` varchar(20) DEFAULT NULL,
  `name` varchar(50) NOT NULL,
  `mobile` varchar(50) NOT NULL,
  `email` varchar(50) DEFAULT NULL,
  `address` varchar(200) DEFAULT NULL,
  `city` varchar(50) DEFAULT NULL,
  `district` varchar(50) DEFAULT NULL,
  `state` varchar(20) DEFAULT NULL,
  `pin_code` varchar(10) DEFAULT NULL,
  `website_name` varchar(50) DEFAULT NULL,
  `company_name` varchar(50) NOT NULL,
  `company_logo` varchar(100) DEFAULT NULL COMMENT 'Document',
  `company_email` varchar(50) NOT NULL,
  `company_email_password` varchar(100) DEFAULT NULL,
  `company_mobile` varchar(15) NOT NULL,
  `company_phone` varchar(15) DEFAULT NULL,
  `company_address` varchar(200) DEFAULT NULL,
  `company_city` varchar(50) DEFAULT NULL,
  `company_district` varchar(50) DEFAULT NULL,
  `company_state` varchar(20) DEFAULT NULL,
  `company_pincode` varchar(10) DEFAULT NULL,
  `gstin_no` varchar(20) DEFAULT NULL,
  `tan` varchar(20) DEFAULT NULL,
  `pan` varchar(20) DEFAULT NULL,
  `joined_date` date NOT NULL,
  `validity_period` int(11) NOT NULL COMMENT 'In months',
  `expiry_date` date NOT NULL,
  `total_charge` double NOT NULL COMMENT 'Regiustration charge',
  `rental_type` int(11) NOT NULL DEFAULT '0' COMMENT '0 - Monthly , 1 - Yearly',
  `rental_charge` double NOT NULL,
  `paid_amount` double NOT NULL,
  `due_amount` double NOT NULL DEFAULT '0',
  `payment_status` int(11) NOT NULL DEFAULT '0' COMMENT '0 - Due, 1 - Paid',
  `sms_enabled` int(11) NOT NULL DEFAULT '0' COMMENT '1 - Enable, 0 - Disable',
  `google_api_enable` int(11) NOT NULL DEFAULT '0' COMMENT '1 - Enable, 0 - Disable',
  `whatsapp_integration_enable` int(11) NOT NULL DEFAULT '0' COMMENT '1 - Enable, 0 - Disable',
  `live_location_tracking_enable` int(11) NOT NULL DEFAULT '0' COMMENT '1 - Enable, 0 - Disable',
  `multi_language_support_enable` int(11) NOT NULL DEFAULT '0' COMMENT '1 - Enable, 0 - Disable',
  `sms_package_code` varchar(50) DEFAULT NULL,
  `registration_charge` double NOT NULL DEFAULT '0',
  `sms_recharge_date` date DEFAULT NULL,
  `sms_validity_period` int(11) NOT NULL DEFAULT '0' COMMENT 'In Month',
  `sms_gateway_type` int(11) NOT NULL DEFAULT '1' COMMENT '1 - Saha CyberTech SMS API, 2 - Personal SMS api',
  `sms_gateway` varchar(10) DEFAULT NULL,
  `sms_endpoint` varchar(250) DEFAULT NULL,
  `sms_sid` varchar(10) DEFAULT NULL,
  `send_auto_sms` int(11) NOT NULL DEFAULT '0' COMMENT '0 - Manual, 1 - Automatic',
  `total_sms` int(11) NOT NULL DEFAULT '0',
  `sms_sent` int(11) NOT NULL DEFAULT '0',
  `sms_balance` int(11) NOT NULL DEFAULT '0',
  `sms_sid_enable` int(11) NOT NULL DEFAULT '0' COMMENT '0 - Disable, 1 - Enable',
  `max_product` int(11) NOT NULL DEFAULT '0',
  `max_user` int(11) NOT NULL DEFAULT '0',
  `max_manager` int(11) NOT NULL DEFAULT '0',
  `max_category` int(11) NOT NULL DEFAULT '0',
  `max_banner_content` int(11) NOT NULL,
  `max_special_menu` int(11) NOT NULL DEFAULT '4',
  `product_added` int(11) NOT NULL DEFAULT '0',
  `user_added` int(11) NOT NULL DEFAULT '0' COMMENT 'General Employee',
  `manager_added` int(11) NOT NULL DEFAULT '0',
  `category_added` int(11) NOT NULL DEFAULT '0',
  `feature_plan` int(11) NOT NULL COMMENT '7 - Basic, 2 - Standard, 1 - Premium, 3 - Custom',
  `project_service_type` int(11) NOT NULL COMMENT '1 - Grocery, 2 - Texttile, 3 - Home Appliances, 4 - All',
  `application_server` int(11) DEFAULT '1' COMMENT '1 - Saha CyberTech Server, 2 - Company Own server, 3 - 3rdf Party server',
  `mac_id` varchar(20) DEFAULT NULL COMMENT 'MAC ID of the server',
  `ip` varchar(15) DEFAULT NULL COMMENT 'ip of the server',
  `site_url` varchar(200) DEFAULT NULL,
  `trade_license` varchar(100) DEFAULT NULL COMMENT 'Document',
  `gstin_certificate` varchar(100) DEFAULT NULL COMMENT 'Document',
  `pan_card` varchar(100) DEFAULT NULL COMMENT 'Document',
  `company_director_list` varchar(100) DEFAULT NULL COMMENT 'Document',
  `company_master_data` varchar(100) DEFAULT NULL COMMENT 'Document',
  `company_type` int(11) NOT NULL DEFAULT '1' COMMENT '1 - PVT, 2 - LTD, 3 - LLP, 4 - Partnership, 5 - Propreitary, 6 - Others',
  `cin_document` varchar(100) DEFAULT NULL COMMENT 'Document',
  `moa_aoa` varchar(100) DEFAULT NULL COMMENT 'Document',
  `partnership_deed` varchar(100) DEFAULT NULL COMMENT 'Document',
  `company_photograph_1` varchar(100) DEFAULT NULL COMMENT 'Document. Outside',
  `company_photograph_2` varchar(100) DEFAULT NULL COMMENT 'Document. Inside',
  `company_photograph_3` varchar(100) DEFAULT NULL COMMENT 'Document. Inside',
  `corporate_mail_id` varchar(100) DEFAULT NULL,
  `account_number` varchar(30) DEFAULT NULL,
  `account_holder_name` varchar(100) DEFAULT NULL,
  `bank_name` varchar(150) DEFAULT NULL,
  `ifsc_code` varchar(20) DEFAULT NULL,
  `branch_address` varchar(200) DEFAULT NULL,
  `cancelled_cheque` varchar(100) DEFAULT NULL COMMENT 'Document',
  `active` int(11) NOT NULL DEFAULT '1',
  `status` varchar(1) NOT NULL DEFAULT 'A',
  `creation_date` timestamp NOT NULL DEFAULT CURRENT_TIMESTAMP ON UPDATE CURRENT_TIMESTAMP
) ENGINE=InnoDB DEFAULT CHARSET=utf8mb4;

--
-- Dumping data for table `client`
--

INSERT INTO `client` (`client_id`, `user_id`, `name`, `mobile`, `email`, `address`, `city`, `district`, `state`, `pin_code`, `website_name`, `company_name`, `company_logo`, `company_email`, `company_email_password`, `company_mobile`, `company_phone`, `company_address`, `company_city`, `company_district`, `company_state`, `company_pincode`, `gstin_no`, `tan`, `pan`, `joined_date`, `validity_period`, `expiry_date`, `total_charge`, `rental_type`, `rental_charge`, `paid_amount`, `due_amount`, `payment_status`, `sms_enabled`, `google_api_enable`, `whatsapp_integration_enable`, `live_location_tracking_enable`, `multi_language_support_enable`, `sms_package_code`, `registration_charge`, `sms_recharge_date`, `sms_validity_period`, `sms_gateway_type`, `sms_gateway`, `sms_endpoint`, `sms_sid`, `send_auto_sms`, `total_sms`, `sms_sent`, `sms_balance`, `sms_sid_enable`, `max_product`, `max_user`, `max_manager`, `max_category`, `max_banner_content`, `max_special_menu`, `product_added`, `user_added`, `manager_added`, `category_added`, `feature_plan`, `project_service_type`, `application_server`, `mac_id`, `ip`, `site_url`, `trade_license`, `gstin_certificate`, `pan_card`, `company_director_list`, `company_master_data`, `company_type`, `cin_document`, `moa_aoa`, `partnership_deed`, `company_photograph_1`, `company_photograph_2`, `company_photograph_3`, `corporate_mail_id`, `account_number`, `account_holder_name`, `bank_name`, `ifsc_code`, `branch_address`, `cancelled_cheque`, `active`, `status`, `creation_date`) VALUES
(1001, NULL, 'Paperlink Softwares', '7439198181', 'info@paperlinksoftwares.com', 'Webel Tower 2, BN-9, BN Block, Sector - V, Bidhannagar', 'kolkata', 'North 24 Parganas', 'West Bengal', '700091', 'https://www.paperlinksoftwares.com', 'Paperlink Softwares Private Limited', 'pl_gold.png', 'info@paperlinksoftwares.com', '', '7439198181', NULL, 'Webel Tower 2, BN-9, BN Block, Sector - V, Bidhannagar', 'kolkata', 'North 24 Parganas', 'West Bengal', '700091', '19AAICP3486A1ZC', NULL, NULL, '2022-01-01', 12, '2022-12-31', 50000, 1, 4000, 6000, 44000, 0, 1, 1, 1, 1, 1, NULL, 15000, '2022-01-01', 12, 1, NULL, NULL, NULL, 1, 0, 0, 0, 0, 0, 0, 0, 0, 0, 4, 0, 0, 0, 0, 1, 4, 1, NULL, NULL, NULL, NULL, NULL, NULL, NULL, NULL, 1, NULL, NULL, NULL, NULL, NULL, NULL, NULL, '50200087199999', 'Paperlink Softwares Private Limited', NULL, 'HDFC0007416', NULL, NULL, 1, 'A', '2024-03-23 07:21:00');

-- --------------------------------------------------------

--
-- Table structure for table `departments`
--

CREATE TABLE `departments` (
  `id` int(11) NOT NULL,
  `client_id` int(11) NOT NULL,
  `department_name` varchar(100) DEFAULT NULL,
  `added_by` int(11) NOT NULL DEFAULT '0' COMMENT 'Current User ID',
  `status` varchar(1) NOT NULL DEFAULT 'A',
  `creation_date` datetime NOT NULL DEFAULT CURRENT_TIMESTAMP
) ENGINE=InnoDB DEFAULT CHARSET=utf8mb4;

--
-- Dumping data for table `departments`
--

INSERT INTO `departments` (`id`, `client_id`, `department_name`, `added_by`, `status`, `creation_date`) VALUES
(1, 1001, 'Sales', 3, 'A', '2024-01-02 17:48:57'),
(2, 1001, 'Back-End', 3, 'A', '2024-01-02 17:49:10'),
(3, 1001, 'HR', 3, 'A', '2024-01-02 17:49:17'),
(4, 1001, 'IT ', 6, 'A', '2024-01-12 18:38:09'),
(5, 1001, 'Domestic Sales', 6, 'A', '2024-01-12 18:38:26'),
(6, 1001, 'International Sales', 6, 'A', '2024-01-12 18:38:41'),
(7, 1001, 'E-commerce', 6, 'A', '2024-02-19 19:38:55');

-- --------------------------------------------------------

--
-- Table structure for table `designations`
--

CREATE TABLE `designations` (
  `id` int(11) NOT NULL,
  `client_id` int(11) NOT NULL DEFAULT '1001',
  `designation_title` varchar(150) NOT NULL COMMENT 'Name of the Designatioon',
  `responsibilities` mediumtext COMMENT 'Text Input',
  `experience_required` varchar(20) DEFAULT NULL COMMENT 'Text Input\r\nFormat = 00 Years 00 Months',
  `added_by` int(11) NOT NULL COMMENT 'Current User ID',
  `active` int(11) NOT NULL DEFAULT '1' COMMENT '0 = Inactive 1 = Active',
  `status` varchar(1) NOT NULL DEFAULT 'A' COMMENT 'A = Active / Available D = Deleted',
  `creation_date` datetime NOT NULL DEFAULT CURRENT_TIMESTAMP,
  `last_update_date` datetime NOT NULL DEFAULT CURRENT_TIMESTAMP
) ENGINE=InnoDB DEFAULT CHARSET=utf8mb4;

--
-- Dumping data for table `designations`
--

INSERT INTO `designations` (`id`, `client_id`, `designation_title`, `responsibilities`, `experience_required`, `added_by`, `active`, `status`, `creation_date`, `last_update_date`) VALUES
(1, 1001, 'Developer', NULL, '2 Years', 1, 1, 'D', '2023-11-20 14:01:10', '2023-11-20 14:01:10'),
(2, 1001, 'Designer', NULL, NULL, 1, 1, 'D', '2023-11-20 14:03:11', '2023-11-20 14:03:11'),
(3, 1001, 'Sales', NULL, NULL, 1, 1, 'D', '2023-11-20 14:06:08', '2023-11-20 14:06:08'),
(7, 1001, 'HR Manager', NULL, NULL, 3, 1, 'A', '2024-01-02 17:50:03', '2024-01-02 17:50:03'),
(8, 1001, 'Sales Manager', NULL, NULL, 6, 1, 'A', '2024-01-03 13:17:00', '2024-01-03 13:17:00'),
(9, 1001, 'Operations Head', NULL, NULL, 6, 1, 'A', '2024-01-12 18:40:14', '2024-01-12 18:40:14'),
(10, 1001, 'Manager - IT & Admin', NULL, NULL, 6, 1, 'A', '2024-01-12 18:40:45', '2024-01-12 18:40:45'),
(11, 1001, 'Sr IT Technician ', NULL, NULL, 6, 1, 'A', '2024-01-12 18:41:23', '2024-01-12 18:41:23'),
(12, 1001, 'Business Development Manager ', NULL, NULL, 6, 1, 'A', '2024-01-12 18:41:58', '2024-01-12 18:41:58'),
(13, 1001, 'BDM & Talent Advisor', NULL, NULL, 6, 1, 'A', '2024-01-12 18:42:50', '2024-01-12 18:42:50'),
(14, 1001, 'Recruiter', NULL, NULL, 6, 1, 'A', '2024-01-12 18:43:17', '2024-01-12 18:43:17'),
(15, 1001, 'Tele calling Executive ', NULL, NULL, 6, 1, 'A', '2024-01-12 18:43:50', '2024-01-12 18:43:50'),
(16, 1001, 'BDE Domestic Sales', NULL, NULL, 6, 1, 'A', '2024-01-12 18:44:10', '2024-01-12 18:44:10'),
(17, 1001, 'Web Consultant', NULL, NULL, 6, 1, 'A', '2024-01-12 18:44:28', '2024-01-12 18:44:28'),
(18, 1001, 'Sr. Web Consultant', NULL, NULL, 6, 1, 'A', '2024-01-12 18:44:44', '2024-01-12 18:44:44'),
(19, 1001, 'Full Stack Developer', 'Full Stack Development', '3', 6, 1, 'A', '2024-01-30 17:24:34', '2024-01-30 17:24:34'),
(20, 1001, 'Web Developer', NULL, '2', 6, 1, 'A', '2024-01-30 18:02:00', '2024-01-30 18:02:00'),
(21, 1001, 'Graphics Designer', NULL, '2', 6, 1, 'A', '2024-01-30 18:02:32', '2024-01-30 18:02:32'),
(22, 1001, 'IT - Head', NULL, '10', 6, 1, 'A', '2024-01-31 18:12:58', '2024-01-31 18:12:58'),
(23, 1001, 'Sales & Marketing Executive', NULL, '3', 6, 1, 'A', '2024-02-19 19:39:30', '2024-02-19 19:39:30'),
(24, 1001, 'Ads Manager', NULL, NULL, 6, 1, 'A', '2024-02-20 20:23:22', '2024-02-20 20:23:22'),
(25, 1001, 'Voice & Accent Trainer', 'Training', '3', 6, 1, 'A', '2024-02-26 17:52:36', '2024-02-26 17:52:36'),
(26, 1001, 'Sr HR Recruiter', 'Recruitment', '2', 6, 1, 'A', '2024-02-26 17:53:21', '2024-02-26 17:53:21');

-- --------------------------------------------------------

--
-- Table structure for table `domestic_clients_actions`
--

CREATE TABLE `domestic_clients_actions` (
  `id` int(11) NOT NULL,
  `client_id` int(11) NOT NULL,
  `dc_id` int(11) NOT NULL,
  `action_user_id` int(11) NOT NULL,
  `changed_status` int(11) NOT NULL,
  `previous_status` int(11) NOT NULL DEFAULT '0',
  `creation_date` datetime NOT NULL,
  `infotxt` varchar(250) DEFAULT NULL
) ENGINE=InnoDB DEFAULT CHARSET=utf8mb4;

-- --------------------------------------------------------

--
-- Table structure for table `domestic_clients_data`
--

CREATE TABLE `domestic_clients_data` (
  `id` int(11) NOT NULL,
  `client_id` int(11) NOT NULL,
  `business_phone_no` varchar(15) DEFAULT NULL,
  `business_details` longtext,
  `active` int(11) NOT NULL DEFAULT '1',
  `status` int(11) NOT NULL DEFAULT '1',
  `creation_date` datetime NOT NULL DEFAULT CURRENT_TIMESTAMP
) ENGINE=InnoDB DEFAULT CHARSET=utf8mb4;

-- --------------------------------------------------------

--
-- Table structure for table `employee_details`
--

CREATE TABLE `employee_details` (
  `id` int(11) NOT NULL,
  `client_id` int(11) NOT NULL DEFAULT '1001',
  `employee_name` varchar(100) NOT NULL,
  `employee_mobile` varchar(15) DEFAULT NULL,
  `employee_email` varchar(30) DEFAULT NULL,
  `employee_date_of_birth` date DEFAULT NULL,
  `employee_father_name` varchar(100) DEFAULT NULL,
  `employee_mother_name` varchar(100) DEFAULT NULL,
  `employee_blood_group` varchar(10) DEFAULT NULL,
  `employee_designation_id` int(11) NOT NULL,
  `employee_date_of_joinning` date DEFAULT NULL,
  `employee_experience_duration` varchar(20) DEFAULT NULL COMMENT 'Format = 00 Years 00 Months',
  `employee_payroll` int(11) NOT NULL DEFAULT '1' COMMENT '1 = company payroll\r\n2 = contact',
  `employee_grade` int(11) NOT NULL DEFAULT '4',
  `employee_id` varchar(10) DEFAULT NULL,
  `department_id` int(11) NOT NULL DEFAULT '0',
  `salary_amount` varchar(10) DEFAULT NULL,
  `webmail_address` varchar(100) DEFAULT NULL,
  `current_address` varchar(200) DEFAULT NULL,
  `permanent_address` varchar(200) DEFAULT NULL,
  `emergency_contact_person_name` varchar(100) DEFAULT NULL,
  `emergency_contact_person_mobile_number` varchar(15) DEFAULT NULL,
  `aadhaar_number` varchar(20) DEFAULT NULL,
  `pan_number` varchar(20) DEFAULT NULL,
  `salary_account_number` varchar(50) DEFAULT NULL,
  `salary_account_ifsc_code` varchar(20) DEFAULT NULL,
  `uan_number` varchar(20) DEFAULT NULL,
  `esic_ip_number` varchar(50) DEFAULT NULL,
  `remarks` mediumtext,
  `remark_by` int(11) DEFAULT NULL COMMENT 'Current User ID',
  `employee_added_by` int(11) NOT NULL COMMENT 'Current User ID',
  `last_working_day` date DEFAULT NULL,
  `active` int(11) NOT NULL DEFAULT '1' COMMENT '0 = Inactive\r\n1 = Active\r\n2 = RESIGNED\r\n3 = ABSCONDED\r\n4 = SERVING_NOTICE',
  `status` varchar(1) NOT NULL DEFAULT 'A' COMMENT 'A = Active / Available\r\nD = Deleted',
  `creation_date` datetime NOT NULL DEFAULT CURRENT_TIMESTAMP,
  `last_update_date` datetime NOT NULL DEFAULT CURRENT_TIMESTAMP,
  `reporting_time` int(11) NOT NULL DEFAULT '0'
) ENGINE=InnoDB DEFAULT CHARSET=utf8mb4;

--
-- Dumping data for table `employee_details`
--

INSERT INTO `employee_details` (`id`, `client_id`, `employee_name`, `employee_mobile`, `employee_email`, `employee_date_of_birth`, `employee_father_name`, `employee_mother_name`, `employee_blood_group`, `employee_designation_id`, `employee_date_of_joinning`, `employee_experience_duration`, `employee_payroll`, `employee_grade`, `employee_id`, `department_id`, `salary_amount`, `webmail_address`, `current_address`, `permanent_address`, `emergency_contact_person_name`, `emergency_contact_person_mobile_number`, `aadhaar_number`, `pan_number`, `salary_account_number`, `salary_account_ifsc_code`, `uan_number`, `esic_ip_number`, `remarks`, `remark_by`, `employee_added_by`, `last_working_day`, `active`, `status`, `creation_date`, `last_update_date`, `reporting_time`) VALUES
(2, 1001, 'Pallabi Paul', '9073327562', 'pallabi.officials@gmail.com', '1988-02-08', 'Prasanta Kumar Paul', 'Aparna Paul', 'B+', 7, '2023-04-05', '10', 1, 4, '800145', 3, '42000.00', 'pallabi@paperlinksoftwares.com', 'Flat No 403, Rittika Apartment, Sourav Ganguly Avenue, Bablatala, Rajarhat, Kolkata - 700136', 'Flat No 403, Rittika Apartment, Sourav Ganguly Avenue, Bablatala, Rajarhat, Kolkata - 700136', 'Debashis Ghosh', '8585085845', '444409374378', 'BGVPP8978E', '330201513166', 'ICIC0003302', '100447429291', '', '', 3, 3, NULL, 1, 'A', '2024-01-03 12:16:58', '2024-01-31 18:48:02', 12),
(6, 1001, 'Rupsa Roy Bhattacharyya', '8961789009', 'rupsa.roy@hotmail.com', '1987-12-22', 'Ratan Bhattacharya', 'Rina Bhattacharyya', 'B+', 13, '2023-08-23', '8', 1, 4, '800187', 3, '25000.00', 'rupsa@paperlinksoftwares.com', '85, Rai Mohan Banerjee Road, Kolkata-700108', '55 D N Chatterjee Road Taltala Agarpara Janakalyan School, Kamarhati, Panihati. North 24 Parganas, West Bengal - 700058', 'Sandip Roy', '9477666678', '225285481092', 'CLQPB2976P', '695001505359', '', '', '', '', 6, 6, '0000-00-00', 1, 'A', '2024-01-12 19:03:34', '2024-02-01 11:25:39', 11),
(7, 1001, 'Ananda Patra', '9903306473', 'anandapatra1998@gmail.com', '1998-07-15', 'Anil Patra', 'Manju Patra', 'O+', 10, '2020-11-06', '5', 1, 4, '800107', 4, '13000.00', 'ananda@paperlinksoftwares.com', '164 Picnic garden road, Tiljala, Kolkata -700039', '164 Picnic garden road, Tiljala, Kolkata -700039', 'Anil Patra', '7003053771', '426064425564', 'DMYPP7548Q', '413701500952', '', '101617918548', '4021059175', '', 3, 3, NULL, 1, 'A', '2024-01-30 16:28:08', '2024-01-31 18:52:50', 8),
(8, 1001, 'Kiran Saroj', '8100491932', 'kiransaroj64@gmail.com', '1994-09-12', 'Sheo Murat Saroj', 'Bimla Devi Saroj', 'O+', 14, '2023-12-26', '1', 1, 4, '800201', 3, '13000.00', 'kiran@paperlinksoftwares.com', '54/3/4 Andul road, Danesh shaik Lane, Howrah-711109', '54/3/4 Andul road, Danesh shaik Lane, Howrah-711109', 'Sheo Murat Saroj', '9830122831', '813393641861', 'HZCPS2637P', '004201542296', NULL, NULL, NULL, NULL, NULL, 6, NULL, 1, 'A', '2024-01-30 16:46:45', '2024-01-30 16:46:45', 10),
(9, 1001, 'Koushik Mandal', '7003985385', 'koushikmandal36636@gmail.com', NULL, NULL, NULL, 'O+', 19, '2023-06-14', '4', 1, 4, '800168', 2, '18000.00', 'koushik@paperlinksoftwares.com', NULL, 'Itahar, Itahar Das Para, Uttar Dinajpur, West Bengal- 733128', 'Karuna Mandal', '8906235659', '891691939924', 'EWHPM2933K', '473301500169', 'ICIC0004733', NULL, NULL, NULL, NULL, 6, NULL, 1, 'A', '2024-01-30 18:00:28', '2024-01-30 18:00:28', 12),
(10, 1001, 'Tanmoy Samanta', '8777054493', 'samantatanmoy3@gmail.com', '1993-02-01', 'Tushar Samanta', NULL, 'B+', 21, '2023-09-01', NULL, 1, 4, '800188', 2, '20000.00', 'tanmoy@paperlinksoftwares.com', NULL, 'Gathra, Purba Medinipur, West Bengal- 721134', 'Minarani Samanta', '9733244075', '202368440130', 'GFMPS5008K', '695001505358', NULL, NULL, NULL, NULL, NULL, 6, NULL, 1, 'A', '2024-01-30 18:14:00', '2024-01-30 18:14:00', 12),
(11, 1001, 'Jyotirmoy Saha', '6291248038', '30jsaha@gmail.com', '2001-08-30', 'Ranjan Saha', 'Tamasha Saha', 'AB+', 20, '2023-07-28', '2', 1, 4, '800184', 2, '20000.00', 'jyotirmoy@paperlinksoftwares.com', '22/1 Dipak Nagar 1, Old Calcutta Road, Barrackpore. North 24 Parganas, West Bengal- 700123', '22/1 Dipak Nagar 1, Old Calcutta Road, Barrackpore. North 24 Parganas, West Bengal- 700123', 'Tamasha Saha', '7059420149', '517652990407', 'MQAPS1688G', '110301510367', NULL, NULL, NULL, NULL, NULL, 6, NULL, 1, 'A', '2024-01-30 18:24:14', '2024-01-30 18:24:14', 11),
(12, 1001, 'Chiro Prasanna Chatterjee', '8910638175', 'prasannachiro@gmail.com', '1976-05-24', '', '', 'A+', 9, '2017-03-15', '15', 1, 4, '800106', 6, '50000.00', '', '', '', 'Ananda Patra', '', '439402096648', '', '', '', '101899829763', '', '', 6, 6, NULL, 1, 'A', '2024-01-30 18:31:30', '2024-02-05 12:03:45', 8),
(13, 1001, 'Sayani Mondal', '7278780246', 'meeshayani@gmail.com', '1997-11-08', 'Soumen Mondal', '', 'AB+', 18, '2022-11-01', '5', 1, 4, '800140', 6, '18000.00', '', 'Haldar Pukur, Nahazari, South 24 Parganas, West Bengal - 700104', 'Haldar Pukur, Nahazari, South 24 Parganas, West Bengal - 700104', '', '', '594838406011', 'GRMPM0580A', '105601003500', '', '101803382170', '4021059049', '', 6, 6, NULL, 1, 'A', '2024-01-31 13:17:38', '2024-02-05 12:38:14', 8),
(14, 1001, 'Udayan Singha', '6290889006', 'udayan1798@gmail.com', '2001-09-09', 'Partha Pratim Singha', NULL, 'B+', 17, '2023-11-27', NULL, 1, 4, '800199', 6, '10000.00', NULL, '16 KGT Road, 3rd FR, FL 303, Hindmotor, Uttarpara, Hooghly, west bengal-712233', '16 KGT Road, 3rd FR, FL 303, Hindmotor, Uttarpara, Hooghly, west bengal-712233', 'Partha pratim Singha', '9007317703', '997970055030', 'LPHPS9008B', '004201542293', NULL, NULL, NULL, NULL, NULL, 6, NULL, 1, 'A', '2024-01-31 13:40:38', '2024-01-31 13:40:38', 8),
(15, 1001, 'Nitin Maheshwari', '7980761822', 'capricorn91283@gmail.com', '1983-12-09', 'Vinod Kumar', NULL, 'B+', 12, '2023-12-04', '10', 1, 4, '800195', 5, '60000.00', 'nitin@paperlinksoftwares.com', '948, Udayan,Brahmapur Badamtala, Niva Park Phase 1, South 24 Parganas, WB, Pin-700006', '948, Udayan,Brahmapur Badamtala, Niva Park Phase 1, South 24 Parganas, WB, Pin-700006', 'Sanmoni Maheshwari', '7980761822', '222684690876', 'ALWPC6694D', '004201542243', NULL, NULL, NULL, NULL, NULL, 6, NULL, 1, 'A', '2024-01-31 14:05:37', '2024-01-31 14:05:37', 10),
(16, 1001, 'Arindam Sarkar', '8759375491', '1996arindam15@gmail.com', '1996-01-13', 'Amiya Sarkar', NULL, 'A+', 16, '2023-09-04', NULL, 1, 4, '800189', 5, '15000.00', 'arindam@paperlinksoftwares.com', NULL, 'Indas, Dibakar Bati, Bankura, West Bengal - 722205', 'Amiya Sarkar', '6297704350', '878135126628', 'GCGPS9246N', '330201514452', NULL, NULL, NULL, NULL, NULL, 6, NULL, 1, 'A', '2024-01-31 17:33:48', '2024-01-31 17:33:48', 10),
(17, 1001, 'Sanmoni Chetiya', '9123371699', 'sanmonichetia1989@gmail.com', '1988-12-09', 'Lalit Chetiya', NULL, 'O+', 15, '2023-12-04', NULL, 1, 4, '800196', 5, '18000.00', NULL, NULL, '948, Udayan,Brahmapur Badamtala, Niva Park Phase 1, South 24 Parganas, WB, Pin-700007', 'Nitin Maheshwari', '7980761822', '222684690876', 'ALWPC6694D', '004201542243', NULL, NULL, NULL, NULL, NULL, 6, NULL, 1, 'A', '2024-01-31 17:47:57', '2024-01-31 17:47:57', 10),
(18, 1001, 'Ananya Makal', '6290386572', 'ananyamakal104@gmail.com', NULL, 'Tarun Makal', NULL, NULL, 15, '2023-12-06', NULL, 1, 4, '800197', 5, '18000.00', NULL, '44, PK Roy Chowdhury Lane, B Garden, Howrah-711103', '44, PK Roy Chowdhury Lane, B Garden, Howrah-711103', 'Tarun Makal', '9007480374', '545962263777', 'DEDPM4062N', '004201542241', NULL, NULL, NULL, NULL, NULL, 6, NULL, 1, 'A', '2024-01-31 17:58:53', '2024-01-31 17:58:53', 10),
(19, 1001, 'Durjoy Acharjee', '7871549103', 'durjoyacharjee89@gmail.com', '1988-09-26', 'Tapan Acharjee', 'Alpana Acharjee', 'A+', 16, '2023-12-07', NULL, 1, 4, '800198', 5, '15000.00', NULL, NULL, NULL, 'Alpana Acharjee', '8276958668', '609728546657', 'EXOPA2583K', '004201542327', NULL, NULL, NULL, NULL, NULL, 6, '2024-02-21', 2, 'A', '2024-01-31 18:11:37', '2024-01-31 18:11:37', 10),
(20, 1001, 'Abdul Wahid', '9333616783', 'mrabdul101@gmail.com', '1989-10-04', NULL, NULL, 'B+', 22, '2023-11-16', '9', 1, 4, '800194', 4, '17000.00', NULL, '\\\"D/20/2 Gulshan Colony  Uttarpanchanna Gram Kolkata -700105\\\"', '\\\"D/20/2 Gulshan Colony  Uttarpanchanna Gram Kolkata -700105\\\"', 'Shaghufa Parvin', '9333616783', '774054639470', 'ACSPW6245M', '037101520606', NULL, NULL, NULL, NULL, NULL, 6, NULL, 1, 'A', '2024-01-31 18:28:46', '2024-01-31 18:28:46', 12),
(21, 1001, 'Korak Ghosh', '7001327168', 'korakghosh3@gmail.com', '1994-04-04', 'Kalyan Ghosh', NULL, 'B+', 14, '2024-02-12', '1', 1, 4, '800202', 3, '15000.00', NULL, 'Flat no 410, 7 TN Biswas Road, Near Dakshineswar Kali Temple, Kamarhati, North 24 parganas, West Bengal, Kolkata -700035', 'Flat no 410, 7 TN Biswas Road, Near Dakshineswar Kali Temple, Kamarhati, North 24 parganas, West Bengal, Kolkata -700035', 'Kalyan Ghosh', '8910807530', '747505832147', 'BDXPG0973K', NULL, NULL, NULL, NULL, NULL, NULL, 6, '2024-02-23', 2, 'A', '2024-02-12 12:06:09', '2024-02-12 12:06:09', 10),
(22, 1001, 'Mohini Das', '7001343775', 'mdas41090@gmail.com', '1998-09-24', 'Biswanath Das ', NULL, 'AB+', 14, '2024-02-12', '1', 1, 4, '800203', 3, '20000.00', 'mohini@paperlinksoftwares.com', 'Sri Durga Colony Bylane, Krishnanagar-1, Nadia, West Bengal-741101', 'Sri Durga Colony Bylane, Krishnanagar-1, Nadia, West Bengal-741101', 'Bula Das', '9933599074', '318973379535', 'ELUPD0282G', NULL, NULL, NULL, NULL, NULL, NULL, 6, NULL, 1, 'A', '2024-02-12 14:07:56', '2024-02-12 14:07:56', 10),
(23, 1001, 'MD Omar Raihan Gazi', '8617437997', 'raihangazi44@gmail.com', '1994-11-19', 'Faruk Gazi', NULL, 'A+', 16, '2024-02-16', '1', 1, 4, '800204', 5, '16500.00', NULL, NULL, 'Paschim Para, Trimohini, Basirhat, North 24 Parganas, West Bengal -743412', 'Faruk Gazi', '9732780055', '768631794004', 'BFAPG0170F', NULL, NULL, NULL, NULL, NULL, NULL, 6, NULL, 1, 'A', '2024-02-19 19:35:48', '2024-02-19 19:35:48', 10),
(24, 1001, 'Rishav Tapadar', '8910224677', 'rishavtapadar007@gmail.com', '1998-08-22', 'Rabin Tapadar', 'Sipra Tapadar', 'B+', 23, '2024-02-19', '3', 1, 4, '800205', 7, '17000.00', NULL, '44 NSC Bose road, KMC Jadavpur, Regent Park, Kolkata-700040', '44 NSC Bose road, KMC Jadavpur, Regent Park, Kolkata-700040', 'Sipra Tapadar', '9432128195', '315287659269', 'CFGPT7945N', NULL, NULL, NULL, NULL, NULL, NULL, 6, NULL, 1, 'A', '2024-02-19 19:47:37', '2024-02-19 19:47:37', 12),
(25, 1001, 'Bivash Shil', '7866071749', 'imbivashshil@gmail.com', '1999-06-18', 'Basudeb Shil', 'Biva Shil', 'AB+', 16, '2024-02-20', '2', 1, 4, '800206', 5, '17000.00', '', '', 'Vill 1 no Gobinda Nagar, Madanpur, Chakdaha, Nadia, WB -741245', 'Biva Shil', '8017106554', '418003782590', 'NTYPS4935Q', '', '', '', '', '', 6, 6, NULL, 1, 'A', '2024-02-20 20:23:01', '2024-02-27 18:35:08', 10),
(26, 1001, 'Sonu Sharma', '8777738354', 'sonusharmastar97@gmail.com', NULL, NULL, NULL, NULL, 24, '2024-02-20', '3', 1, 4, '800207', 2, '35000.00', NULL, NULL, NULL, NULL, NULL, NULL, NULL, NULL, NULL, NULL, NULL, NULL, NULL, 6, '2024-02-21', 2, 'A', '2024-02-20 20:27:04', '2024-02-20 20:27:04', 11),
(27, 1001, 'Arunima Nath', '8240232544', 'arunimanath22@gmail.com', '1993-10-18', 'Aloke Nath', NULL, 'O+', 15, '2024-02-21', '3', 1, 4, '800208', 5, '18000.00', NULL, NULL, 'Chandannagar India, 712136', 'Aloke Nath', '9339078104', '701148895264', 'BCHPN3195B', NULL, NULL, NULL, NULL, NULL, NULL, 6, NULL, 1, 'A', '2024-02-26 17:36:49', '2024-02-26 17:36:49', 10),
(28, 1001, 'Nipoban Dutta', '8100427118', 'duttanipoban@gmail.com', '2000-07-14', 'Tapas Dutta', 'Tapati Dutta', 'B+', 15, '2024-02-23', '2', 1, 4, '800209', 5, '17000.00', NULL, NULL, 'L 2/5 Vivekananda Park, Oven Fresh, Purba Barisha, Thakurpukur, Maheshtola, South 24 parganas, WB - 7000063', 'Tapati Dutta', '8176912335', '805537497184', 'GATPD8498G', NULL, NULL, NULL, NULL, NULL, NULL, 6, NULL, 1, 'A', '2024-02-26 17:46:12', '2024-02-26 17:46:12', 10),
(29, 1001, 'Antareekshya Goswami', '84208999097', 'archish.gos.man@gmail.com', '1997-06-12', 'Anjan Goswami', NULL, 'B+', 25, '2024-02-26', '3', 2, 4, '800210', 6, '0.00', NULL, NULL, 'New Nawpara, Baranagar, WB', 'Anjan Goswami', '8420899097', '214581958199', 'CDIPG6767R', NULL, NULL, NULL, NULL, NULL, NULL, 6, '2024-03-04', 2, 'A', '2024-02-26 18:08:52', '2024-02-26 18:08:52', 10),
(30, 1001, 'Antara Acharjee', '7811853935', 'antaraacharjee49@gmail.com', '2001-04-07', 'Swapan Kumar Acharjee', NULL, 'O+', 26, '2024-02-27', '3', 1, 4, '800212', 3, '16000.00', 'antara@paperlinksoftwares.com', NULL, 'MCT Sarani, Hirapur Asansol, Barddhaman, Hirapur, West Bengal - 713325', 'Soumyadeep', '6290892147', '261544001284', 'DKHPA3307Q', NULL, NULL, NULL, NULL, NULL, NULL, 6, NULL, 1, 'A', '2024-02-27 17:49:47', '2024-02-27 17:49:47', 10),
(31, 1001, 'Soumitra Das', '8167610880', 'somu78976@gmail.com', '2003-10-16', 'Rathindranath Das', NULL, 'O+', 16, '2024-03-01', NULL, 1, 4, '800213', 5, '13000.00', NULL, NULL, 'Rayda, Panchrol, Purba Medinipur, WB-721447', 'Rathindranath Das', '7001264496', '420386294395', 'HEIPD9892G', '004201542490', 'ICIC0000042', NULL, NULL, NULL, NULL, 6, NULL, 1, 'A', '2024-03-04 19:53:18', '2024-03-04 19:53:18', 10),
(32, 1001, 'Rajpriya Paul', '8910572861', 'rajpriyapaul1999@gmail.com', '1999-09-07', 'Gopal Paul', NULL, 'B+', 16, '2024-03-01', NULL, 1, 4, '800214', 5, '13000.00', NULL, NULL, 'Taki Road, Kalikapur, Barasat, Kolkata-700124', 'Gopal Paul', '7003922198', '504450947451', 'FFTPP0775J', '004201542489', 'ICIC0000042', NULL, NULL, NULL, NULL, 6, '2024-03-04', 3, 'A', '2024-03-04 20:01:39', '2024-03-04 20:01:39', 10),
(33, 1001, 'Shakshi Singh', '9693622057', '2607shakshisingh@gmail.com', '2003-08-08', 'Vikash Singh', '', 'O+', 16, '2024-03-05', 'Fresher', 1, 4, '800215', 5, '13000.00', '', '', 'Hariharpur, Lalgarh, Siwan, Bihar - 841434', 'Vikash Singh', '9973146075', '662807639930', 'Pending', '', '', '', '', '', 6, 6, NULL, 1, 'A', '2024-03-14 13:24:16', '2024-03-14 13:25:01', 10),
(34, 1001, 'Suman Giri', '7439725076', 'SG2887974@gmail.com', '2002-09-07', NULL, NULL, 'O+', 16, '2024-03-05', 'Fresher', 1, 4, '800216', 5, '13000.00', NULL, NULL, '\\\"Nisco Majdur Line, Nischinda Bally jagachha Howrah West Bengal 711227 \\\"', 'Rup Narayan Giri', '8420999456', '971996124405', 'OPNPG0887L', NULL, NULL, NULL, NULL, NULL, NULL, 6, NULL, 1, 'A', '2024-03-14 13:33:23', '2024-03-14 13:33:23', 10),
(35, 1001, 'Kuheli Paul', '9748233976', 'kuhelipaul2003@gmail.com', '2003-08-07', NULL, NULL, 'A+', 17, '2024-03-04', 'Fresher', 1, 4, '800217', 6, '12000.00', NULL, NULL, 'Joypur, Amodghata, Mogra, Hooghly, West Bengal-712148', 'Haradhan Paul', '9804895908', '378100557848', 'GLTPP1819Q', NULL, NULL, NULL, NULL, NULL, NULL, 6, NULL, 1, 'A', '2024-03-14 13:45:39', '2024-03-14 13:45:39', 8),
(36, 1001, 'Tanusree', '9330973104', 'tanusreedas248@gmail.com', '2024-03-01', 'Gopal Chandra Das', NULL, 'A+', 17, '2024-03-13', 'Fresher', 1, 4, '800218', 6, '12000.00', NULL, '29/A Banwarilal Dhale lane, Baranagar, north 24 parganas, West Bengal -700036', '29/A Banwarilal Dhale lane, Baranagar, north 24 parganas, West Bengal -700036', 'Gopal Chandra Das', '9748093594', '861527859238', 'CYWPD0809A', NULL, NULL, NULL, NULL, NULL, NULL, 6, NULL, 1, 'A', '2024-03-15 15:11:36', '2024-03-15 15:11:36', 8),
(37, 1001, 'Iftekhar Ahmed', '9123022135', 'ia6919859@gmail.com', '1997-02-24', 'Emtiyaz Ahmed', NULL, 'A+', 17, '2024-03-15', NULL, 1, 4, '800219', 6, '15000.00', NULL, NULL, '114D/1 Topsia Road, Kolkata - 700039', NULL, NULL, '920550422532', 'DEPPA1385J', NULL, NULL, NULL, NULL, NULL, NULL, 6, NULL, 1, 'A', '2024-03-15 16:24:52', '2024-03-15 16:24:52', 8),
(38, 1001, 'Joydeep Paul', '9073297728', 'joydeeppaul2015@gmail.com', '1993-11-01', 'Joydeb Paul', NULL, 'B+', 17, '2024-03-11', NULL, 1, 4, '800220', 6, '12000.00', NULL, NULL, NULL, 'Joydeb Paul', '9830241452', '929755702632', 'DFWPP9414R', NULL, NULL, NULL, NULL, NULL, NULL, 6, NULL, 1, 'A', '2024-03-15 16:46:19', '2024-03-15 16:46:19', 8);

-- --------------------------------------------------------

--
-- Table structure for table `employee_reporting_manager`
--

CREATE TABLE `employee_reporting_manager` (
  `id` int(11) NOT NULL,
  `client_id` int(11) NOT NULL,
  `employee_id` int(11) NOT NULL,
  `reporting_manager_user_id` int(11) NOT NULL,
  `assigned_by_user_id` int(11) NOT NULL COMMENT 'Current User ID',
  `assign_date` date DEFAULT NULL,
  `dismiss_date` date DEFAULT NULL,
  `status` varchar(1) NOT NULL DEFAULT 'A' COMMENT 'A = Active, D = Deactive',
  `creation_date` datetime NOT NULL DEFAULT CURRENT_TIMESTAMP
) ENGINE=InnoDB DEFAULT CHARSET=utf8mb4;

--
-- Dumping data for table `employee_reporting_manager`
--

INSERT INTO `employee_reporting_manager` (`id`, `client_id`, `employee_id`, `reporting_manager_user_id`, `assigned_by_user_id`, `assign_date`, `dismiss_date`, `status`, `creation_date`) VALUES
(2, 1001, 2, 3, 3, '2024-01-03', NULL, 'A', '2024-01-03 12:16:58'),
(6, 1001, 6, 6, 6, '2024-01-12', NULL, 'A', '2024-01-12 19:03:34'),
(7, 1001, 7, 3, 3, '2024-01-30', NULL, 'A', '2024-01-30 16:28:08'),
(8, 1001, 8, 6, 6, '2024-01-30', NULL, 'A', '2024-01-30 16:46:45'),
(9, 1001, 9, 3, 6, '2024-01-30', NULL, 'A', '2024-01-30 18:00:28'),
(10, 1001, 10, 3, 6, '2024-01-30', NULL, 'A', '2024-01-30 18:14:00'),
(11, 1001, 11, 3, 6, '2024-01-30', NULL, 'A', '2024-01-30 18:24:14'),
(12, 1001, 12, 3, 6, '2024-01-30', NULL, 'A', '2024-01-30 18:31:30'),
(13, 1001, 13, 16, 6, '2024-01-31', NULL, 'A', '2024-01-31 13:17:38'),
(14, 1001, 14, 16, 6, '2024-01-31', NULL, 'A', '2024-01-31 13:40:38'),
(15, 1001, 15, 3, 6, '2024-01-31', NULL, 'A', '2024-01-31 14:05:37'),
(16, 1001, 16, 19, 6, '2024-01-31', NULL, 'A', '2024-01-31 17:33:48'),
(17, 1001, 17, 19, 6, '2024-01-31', NULL, 'A', '2024-01-31 17:47:57'),
(18, 1001, 18, 19, 6, '2024-01-31', NULL, 'A', '2024-01-31 17:58:53'),
(19, 1001, 19, 19, 6, '2024-01-31', NULL, 'A', '2024-01-31 18:11:37'),
(20, 1001, 20, 3, 6, '2024-01-31', NULL, 'A', '2024-01-31 18:28:46'),
(21, 1001, 21, 10, 6, '2024-02-12', NULL, 'A', '2024-02-12 12:06:09'),
(22, 1001, 22, 10, 6, '2024-02-12', NULL, 'A', '2024-02-12 14:07:56'),
(23, 1001, 23, 19, 6, '2024-02-19', NULL, 'A', '2024-02-19 19:35:48'),
(24, 1001, 24, 3, 6, '2024-02-19', NULL, 'A', '2024-02-19 19:47:37'),
(25, 1001, 25, 19, 6, '2024-02-20', NULL, 'A', '2024-02-20 20:23:01'),
(26, 1001, 26, 3, 6, '2024-02-20', NULL, 'A', '2024-02-20 20:27:04'),
(27, 1001, 27, 19, 6, '2024-02-26', NULL, 'A', '2024-02-26 17:36:49'),
(28, 1001, 28, 19, 6, '2024-02-26', NULL, 'A', '2024-02-26 17:46:12'),
(29, 1001, 29, 16, 6, '2024-02-26', NULL, 'A', '2024-02-26 18:08:52'),
(30, 1001, 30, 6, 6, '2024-02-27', NULL, 'A', '2024-02-27 17:49:47'),
(31, 1001, 31, 19, 6, '2024-03-04', NULL, 'A', '2024-03-04 19:53:18'),
(32, 1001, 32, 19, 6, '2024-03-04', NULL, 'A', '2024-03-04 20:01:39'),
(33, 1001, 33, 19, 6, '2024-03-14', NULL, 'A', '2024-03-14 13:24:16'),
(34, 1001, 34, 19, 6, '2024-03-14', NULL, 'A', '2024-03-14 13:33:23'),
(35, 1001, 35, 16, 6, '2024-03-14', NULL, 'A', '2024-03-14 13:45:39'),
(36, 1001, 36, 16, 6, '2024-03-15', NULL, 'A', '2024-03-15 15:11:36'),
(37, 1001, 37, 16, 6, '2024-03-15', NULL, 'A', '2024-03-15 16:24:52'),
(38, 1001, 38, 16, 6, '2024-03-15', NULL, 'A', '2024-03-15 16:46:19');

-- --------------------------------------------------------

--
-- Table structure for table `holidays`
--

CREATE TABLE `holidays` (
  `id` int(11) NOT NULL,
  `client_id` int(11) NOT NULL,
  `name` varchar(100) DEFAULT NULL,
  `file_name` varchar(100) DEFAULT NULL,
  `uploaded_by` int(11) NOT NULL,
  `active` int(11) NOT NULL DEFAULT '1',
  `status` varchar(1) NOT NULL DEFAULT 'A',
  `creation_date` datetime NOT NULL DEFAULT CURRENT_TIMESTAMP,
  `last_active_date` datetime NOT NULL DEFAULT CURRENT_TIMESTAMP
) ENGINE=InnoDB DEFAULT CHARSET=utf8mb4;

-- --------------------------------------------------------

--
-- Table structure for table `invoice`
--

CREATE TABLE `invoice` (
  `id` int(11) NOT NULL,
  `client_id` int(11) NOT NULL DEFAULT '1001',
  `invoice_number` varchar(20) DEFAULT NULL,
  `invoice_count_number` int(11) NOT NULL DEFAULT '1',
  `invoice_date` date DEFAULT NULL,
  `invoice_month` int(11) NOT NULL DEFAULT '0' COMMENT 'Current Month',
  `invoice_year` int(11) NOT NULL DEFAULT '0' COMMENT 'Current Year',
  `company_address` varchar(200) DEFAULT NULL,
  `company_gstin_number` varchar(20) DEFAULT NULL,
  `company_bank_account_no` varchar(20) DEFAULT NULL,
  `company_ifsc_code` varchar(15) DEFAULT NULL,
  `mode_of_payment` int(11) NOT NULL DEFAULT '1' COMMENT '1 = NEFT\r\n2 = CHEQUE\r\n3 = CASH\r\n4 = UPI',
  `billing_name` varchar(100) DEFAULT NULL,
  `billing_address` varchar(250) DEFAULT NULL,
  `billing_gstin` varchar(20) DEFAULT NULL,
  `billing_email` varchar(80) DEFAULT NULL,
  `billing_phone` varchar(15) DEFAULT NULL,
  `taxable_amount` double NOT NULL DEFAULT '0',
  `discount_amount` double NOT NULL DEFAULT '0',
  `is_gst_bill` int(11) NOT NULL DEFAULT '1' COMMENT '1 = YES\r\n2 = NO',
  `cgst_amount` double NOT NULL DEFAULT '0',
  `sgst_amount` double NOT NULL DEFAULT '0',
  `igst_amount` double NOT NULL DEFAULT '0',
  `grand_total_amount` double NOT NULL DEFAULT '0',
  `advance_amount` double NOT NULL DEFAULT '0',
  `due_amount` double NOT NULL DEFAULT '0',
  `status` varchar(1) NOT NULL DEFAULT 'A' COMMENT 'A = Active\r\nD = Deactive/Deleted',
  `creation_date` datetime NOT NULL DEFAULT CURRENT_TIMESTAMP
) ENGINE=InnoDB DEFAULT CHARSET=utf8mb4;

--
-- Dumping data for table `invoice`
--

INSERT INTO `invoice` (`id`, `client_id`, `invoice_number`, `invoice_count_number`, `invoice_date`, `invoice_month`, `invoice_year`, `company_address`, `company_gstin_number`, `company_bank_account_no`, `company_ifsc_code`, `mode_of_payment`, `billing_name`, `billing_address`, `billing_gstin`, `billing_email`, `billing_phone`, `taxable_amount`, `discount_amount`, `is_gst_bill`, `cgst_amount`, `sgst_amount`, `igst_amount`, `grand_total_amount`, `advance_amount`, `due_amount`, `status`, `creation_date`) VALUES
(3, 1001, '202312/06', 6, '2023-12-21', 12, 2023, 'Webel Tower 2, BN-9, BN Block, Sector - V, Bidhannagar, kolkata, North 24 Parganas, West Bengal, 700091', '19AAICP3486A1ZC', '50200087199999', 'HDFC0007416', 4, 'Mr. Tushar Lahiri', 'BJ 310, Sector 2, Community Centre, Saltlake, Kolkata-700091', 'N/A', 'lahiritrushar007@gmail.com', '9830789756', 10000, 0, 0, 0, 0, 0, 10000, 0, 0, 'A', '2023-12-21 15:47:16'),
(10, 1001, '202312/08', 8, '2023-12-21', 12, 2023, 'Webel Tower 2, BN-9, BN Block, Sector - V, Bidhannagar, kolkata, North 24 Parganas, West Bengal, 700091', '19AAICP3486A1ZC', '50200087199999', 'HDFC0007416', 4, 'Sushila PG House', 'Action Area IIIB Street No 808', 'NA', 'N/A', '9830280318', 10000, 0, 0, 0, 0, 0, 10000, 0, 0, 'A', '2023-12-26 15:07:23'),
(12, 1001, '202401/07', 7, '2024-01-10', 1, 2024, 'Webel Tower 2, BN-9, BN Block, Sector - V, Bidhannagar, kolkata, North 24 Parganas, West Bengal, 700091', '19AAICP3486A1ZC', '50200087199999', 'HDFC0007416', 4, 'G2020ID.com', 'Newtown', 'N/A', 'kapildev09994@gmail.com', '8420456887', 7000, 0, 0, 0, 0, 0, 7000, 0, 0, 'A', '2024-01-10 17:17:14'),
(13, 1001, '202401/08', 8, '2024-01-10', 1, 2024, 'Webel Tower 2, BN-9, BN Block, Sector - V, Bidhannagar, kolkata, North 24 Parganas, West Bengal, 700091', '19AAICP3486A1ZC', '50200087199999', 'HDFC0007416', 1, 'BRESLAU INFRASTRUCTURE AND TECHNOLOGY PRIVATE LIMITED', '5TH FLOOR, UNIT NO-5/25, SUHATTA COMPLEX, CITY CENTRE, DURGAPUR, Paschim Bardhaman, West Bengal, 713216', ' 19AAJCB1777B1ZP', 'asad@breslau.in', 'N/A', 18000, 0, 1, 1620, 1620, 0, 21240, 0, 0, 'A', '2024-01-10 18:57:40'),
(15, 1001, '202401/10', 10, '2024-01-10', 1, 2024, 'Webel Tower 2, BN-9, BN Block, Sector - V, Bidhannagar, kolkata, North 24 Parganas, West Bengal, 700091', '19AAICP3486A1ZC', '50200087199999', 'HDFC0007416', 1, 'GORIN DOJO MMA & FITNESS', 'BD 54 NEAR TANK NO 4, BD BLOCK SECTOR 1 BIDHANNAGAR', 'NA', 'NA', '9147025777', 25000, 0, 1, 2250, 2250, 0, 29500, 0, 0, 'A', '2024-01-10 19:35:14'),
(16, 1001, '202401/09', 9, '2024-01-10', 1, 2024, 'Webel Tower 2, BN-9, BN Block, Sector - V, Bidhannagar, kolkata, North 24 Parganas, West Bengal, 700091', '19AAICP3486A1ZC', '50200087199999', 'HDFC0007416', 1, 'GORIN DOJO MMA & FITNESS', 'BD 54 NEAR TANK NO 4, BD BLOCK SECTOR 1 BIDHANNAGAR', 'N/A', 'N/A', '9147025777', 10000, 0, 1, 900, 900, 0, 11800, 0, 0, 'A', '2024-01-10 19:40:07'),
(17, 1001, '202401/11', 11, '2024-01-12', 1, 2024, 'Webel Tower 2, BN-9, BN Block, Sector - V, Bidhannagar, kolkata, North 24 Parganas, West Bengal, 700091', '19AAICP3486A1ZC', '50200087199999', 'HDFC0007416', 1, 'Maa Uma - Girls Hostel', 'Main Gate, Barbaria Main Rd, opp. Sainik Nagar, Sainik Nagar, Barasat, Kolkata, West Bengal 700126', 'N/A', 'sriste.dhar@gmail.com', '8420003321', 8000, 0, 0, 0, 0, 0, 8000, 0, 0, 'A', '2024-01-12 11:49:21'),
(18, 1001, '202401/12', 12, '2024-01-12', 1, 2024, 'Webel Tower 2, BN-9, BN Block, Sector - V, Bidhannagar, kolkata, North 24 Parganas, West Bengal, 700091', '19AAICP3486A1ZC', '50200087199999', 'HDFC0007416', 1, 'Maa Uma - Girls Hostel', 'Main Gate, Barbaria Main Rd, opp. Sainik Nagar, Sainik Nagar, Barasat, Kolkata, West Bengal 700126', 'N/A', 'sriste.dhar@gmail.com', '8420003321', 6780, 0, 1, 610.2, 610.2, 0, 8000, 0, 0, 'A', '2024-01-12 12:57:33'),
(19, 1001, '202401/13', 13, '2024-01-16', 1, 2024, 'Webel Tower 2, BN-9, BN Block, Sector - V, Bidhannagar, kolkata, North 24 Parganas, West Bengal, 700091', '19AAICP3486A1ZC', '50200087199999', 'HDFC0007416', 1, 'Paytm Services Private Limited', '136, Ist FLOOR, Devika Tower, Nehru  Place, New Delhi, South Delhi, INDIA 110019 ', 'N/A', 'N/A', 'N/A', 2000, 0, 1, 180, 180, 0, 2360, 0, 0, 'A', '2024-01-16 14:17:49'),
(21, 1001, '202401/14', 14, '2024-01-19', 1, 2024, 'Webel Tower 2, BN-9, BN Block, Sector - V, Bidhannagar, kolkata, North 24 Parganas, West Bengal, 700091', '19AAICP3486A1ZC', '50200087199999', 'HDFC0007416', 4, 'Ivory 32 Dental Clinic', '128, G/1, Swami Vivekananda Rd, Champadali, More, Barasat, Kolkata, West Bengal 700124', 'N/A', 'smilesanchi07@gmail.com', '7622937864', 8475, 0, 1, 762.75, 762.75, 0, 10000, 0, 0, 'A', '2024-01-19 18:51:03'),
(22, 1001, '202401/15', 15, '2024-01-24', 1, 2024, 'Webel Tower 2, BN-9, BN Block, Sector - V, Bidhannagar, kolkata, North 24 Parganas, West Bengal, 700091', '19AAICP3486A1ZC', '50200087199999', 'HDFC0007416', 1, 'Nehru Yuva Computer Shiksha Kendra ', 'Chakdaha Thanamore, Sukh Sagar Rd, Chakdaha, West Bengal 741222', 'N/A', 'N/A', '9153642052', 30000, 15000, 1, 1350, 1350, 0, 17700, 0, 0, 'A', '2024-01-24 12:16:43'),
(23, 1001, '202401/16', 16, '2024-01-24', 1, 2024, 'Webel Tower 2, BN-9, BN Block, Sector - V, Bidhannagar, kolkata, North 24 Parganas, West Bengal, 700091', '19AAICP3486A1ZC', '50200087199999', 'HDFC0007416', 1, 'Milan Lodge', 'CB road Ranjanpally chakdah above reliance trendz ', 'N/A', 'N/A', '7001542685', 10000, 5000, 1, 450, 450, 0, 5900, 0, 0, 'A', '2024-01-24 12:25:11'),
(24, 1001, '202401/17', 17, '2024-01-30', 1, 2024, 'Webel Tower 2, BN-9, BN Block, Sector - V, Bidhannagar, kolkata, North 24 Parganas, West Bengal, 700091', '19AAICP3486A1ZC', '50200087199999', 'HDFC0007416', 2, 'Planet Fitness (Sankha Das & Arpan Ghosh)', 'Bishnupur Ghosh Para, Rajarhat Bishnupur 700135', 'N/A', 'planetfitness135@gmail.com', '9681163875', 10000, 0, 0, 0, 0, 0, 10000, 0, 0, 'A', '2024-01-30 18:49:29'),
(25, 1001, '202402/01', 1, '2024-02-01', 2, 2024, 'Webel Tower 2, BN-9, BN Block, Sector - V, Bidhannagar, kolkata, North 24 Parganas, West Bengal, 700091', '19AAICP3486A1ZC', '50200087199999', 'HDFC0007416', 1, 'HTSM TECHNOLOGIES PVT. LTD.', 'Webel IT Park, Tower-II, Module No. 301, Sector V, Salt Lake, Kolkata-700091', '19AACCH9080L1Z1', 'kprakash@htsm.in', '9051755536', 12500, 0, 1, 1125, 1125, 0, 14750, 0, 0, 'A', '2024-02-01 14:15:00'),
(26, 1001, '202402/04', 4, '2024-02-07', 2, 2024, 'Webel Tower 2, BN-9, BN Block, Sector - V, Bidhannagar, kolkata, North 24 Parganas, West Bengal, 700091', '19AAICP3486A1ZC', '50200087199999', 'HDFC0007416', 2, 'Eurokin', 'Rabindranagar, DEBIDASTALA P.O, Chinsurah R S, Chinsurah, West Bengal 712103', '19APLPM0810J1ZT', 'eurokin.co@gmail.com', '9007606032', 8475, 0, 1, 762.75, 762.75, 0, 10000, 0, 0, 'A', '2024-02-07 14:11:12'),
(27, 1001, '202402/05', 5, '2024-02-08', 2, 2024, 'Webel Tower 2, BN-9, BN Block, Sector - V, Bidhannagar, kolkata, North 24 Parganas, West Bengal, 700091', '19AAICP3486A1ZC', '50200087199999', 'HDFC0007416', 1, 'PURNIMA PG', 'Bothtala, charaktala, kishanagar, Mahish Bathan, Mohisbathan, Dhapa, Kolkata, West Bengal 700102', 'NA', 'purnimapg80@gmail.com', '8240044307', 8475, 0, 1, 762.75, 762.75, 0, 10000, 0, 0, 'A', '2024-02-08 14:36:05'),
(28, 1001, '202402/06', 6, '2024-02-13', 2, 2024, 'Webel Tower 2, BN-9, BN Block, Sector - V, Bidhannagar, kolkata, North 24 Parganas, West Bengal, 700091', '19AAICP3486A1ZC', '50200087199999', 'HDFC0007416', 1, 'HTSM TECHNOLOGIES PVT. LTD.', 'Webel IT Park, Tower-II, Module No. 301, Sector V, Salt Lake, Kolkata-700091', '19AACCH9080L1Z1', 'kprakash@htsm.in', '09051755536', 7500, 0, 1, 675, 675, 0, 8850, 0, 0, 'A', '2024-02-13 15:29:36'),
(29, 1001, '202402/10', 10, '2024-02-19', 2, 2024, 'Webel Tower 2, BN-9, BN Block, Sector - V, Bidhannagar, kolkata, North 24 Parganas, West Bengal, 700091', '19AAICP3486A1ZC', '50200087199999', 'HDFC0007416', 1, 'HTSM TECHNOLOGIES PVT. LTD.', 'Webel IT Park, Tower-II, Module No. 301, Sector V, Salt Lake, Kolkata-700091', '19AACCH9080L1Z1', 'kprakash@htsm.in', '09051755536', 12500, 0, 1, 1125, 1125, 0, 14750, 0, 0, 'A', '2024-02-19 16:03:55'),
(30, 1001, '202402/11', 11, '2024-02-19', 2, 2024, 'Webel Tower 2, BN-9, BN Block, Sector - V, Bidhannagar, kolkata, North 24 Parganas, West Bengal, 700091', '19AAICP3486A1ZC', '50200087199999', 'HDFC0007416', 1, 'NK Realtors Pvt Ltd', '9th Floor, Srijan Tech Park, DN-52, Street Number 18, DN Block, Sector V, Bidhannagar, Kolkata, West Bengal 700091', '19AABCN7336G1ZC', 'hr@nkrealtors.com', '9903398628', 20120, 0, 1, 1810.8, 1810.8, 0, 23741, 0, 0, 'A', '2024-02-19 16:41:35'),
(31, 1001, '202402/12', 12, '2024-02-19', 2, 2024, 'Webel Tower 2, BN-9, BN Block, Sector - V, Bidhannagar, kolkata, North 24 Parganas, West Bengal, 700091', '19AAICP3486A1ZC', '50200087199999', 'HDFC0007416', 1, 'KEDIA PIPES PRIVATE LIMITED', '2nd Floor, Room No. 277, Marshal House, 25, Strand Rd, Fairley Place, B.B.D. Bagh, Kolkata, West Bengal 700001', '19AADCK8828L2ZU', 'tapan.sarkar@kediapipes.com', '9874594701', 5500, 0, 1, 495, 495, 0, 6490, 0, 0, 'A', '2024-02-19 17:56:18'),
(32, 1001, '202402/18', 18, '2024-02-27', 2, 2024, 'Webel Tower 2, BN-9, BN Block, Sector - V, Bidhannagar, kolkata, North 24 Parganas, West Bengal, 700091', '19AAICP3486A1ZC', '50200087199999', 'HDFC0007416', 4, 'Pink Blush', ' Ground Floor, Newtown DLF NRSH-118, 1st Floor, Newtown Hight, Plot No. III-E/5, AA-III, Newtown, Kolkata-700135 West Bengal 700135', '19BMCPB7050G1ZB', 'cosmetics.pinkblush@gmail.com', '8902531152', 10000, 0, 1, 900, 900, 0, 11800, 0, 0, 'A', '2024-02-28 12:46:27'),
(33, 1001, '202403/01', 1, '2024-03-08', 3, 2024, 'Webel Tower 2, BN-9, BN Block, Sector - V, Bidhannagar, kolkata, North 24 Parganas, West Bengal, 700091', '19AAICP3486A1ZC', '50200087199999', 'HDFC0007416', 2, 'KOLKATA MULTI GYM & YOGA CENTRE (RAJAT SAHA)', '22, Girish Avenue Kol-700003', 'N/A', 'Saharajat2017@gmail.com', ' 9831118466', 8475, 0, 1, 762.75, 762.75, 0, 10000, 0, 0, 'A', '2024-03-08 12:00:04'),
(34, 1001, '202403/02', 2, '2024-03-19', 3, 2024, 'Webel Tower 2, BN-9, BN Block, Sector - V, Bidhannagar, kolkata, North 24 Parganas, West Bengal, 700091', '19AAICP3486A1ZC', '50200087199999', 'HDFC0007416', 2, 'Unified Management Private Limited', '154 , Lenin Sarani, 6th Floor, Room No 604, Near, Wellington Corrocing, Dharmatala, Kolkata, West Bengal 700013', '19AABCU9827D1Z3', 'unifiedmanagementpvtltd@gmail.com', '8335842111', 15000, 0, 1, 1350, 1350, 0, 17700, 0, 0, 'A', '2024-03-19 15:36:50');

-- --------------------------------------------------------

--
-- Table structure for table `invoice_details`
--

CREATE TABLE `invoice_details` (
  `id` int(11) NOT NULL,
  `client_id` int(11) NOT NULL,
  `invoice_id` int(11) NOT NULL,
  `billing_description` varchar(250) DEFAULT NULL,
  `billing_quantity` int(11) NOT NULL DEFAULT '0',
  `billing_rate` double NOT NULL DEFAULT '0',
  `billing_per` int(11) NOT NULL DEFAULT '0',
  `billing_amount` double NOT NULL DEFAULT '0',
  `status` varchar(1) NOT NULL DEFAULT 'A',
  `creation_date` datetime NOT NULL DEFAULT CURRENT_TIMESTAMP
) ENGINE=InnoDB DEFAULT CHARSET=utf8mb4;

--
-- Dumping data for table `invoice_details`
--

INSERT INTO `invoice_details` (`id`, `client_id`, `invoice_id`, `billing_description`, `billing_quantity`, `billing_rate`, `billing_per`, `billing_amount`, `status`, `creation_date`) VALUES
(4, 1001, 3, 'GMB 1', 1, 10000, 0, 10000, 'A', '2023-12-21 15:47:16'),
(9, 1001, 10, 'GMB1', 1, 10000, 0, 10000, 'A', '2023-12-26 15:07:23'),
(11, 1001, 12, 'Facebook Ad', 1, 7000, 0, 7000, 'A', '2024-01-10 17:17:14'),
(12, 1001, 13, 'Consulting Fees for Manpower Placement (Structural Design Er, Placed on 05/12/2023)', 1, 18000, 0, 18000, 'A', '2024-01-10 18:57:40'),
(14, 1001, 15, 'GMB3', 1, 25000, 0, 25000, 'A', '2024-01-10 19:35:14'),
(15, 1001, 16, 'GMB1', 1, 10000, 0, 10000, 'A', '2024-01-10 19:40:07'),
(16, 1001, 17, 'GMB 1', 1, 8000, 0, 8000, 'A', '2024-01-12 11:49:21'),
(17, 1001, 18, 'GMB1', 1, 6780, 0, 6780, 'A', '2024-01-12 12:57:33'),
(18, 1001, 19, 'Consulting Fees for EDC Sales Manpower Placement of JAYANTA MANNA E-Code 10008286	 DOJ 20-10-2023, Month of Oct 2023', 1, 2000, 0, 2000, 'A', '2024-01-16 14:17:49'),
(20, 1001, 21, 'GMB1', 1, 8475, 0, 8475, 'A', '2024-01-19 18:51:03'),
(21, 1001, 22, 'GMB 1', 3, 10000, 0, 30000, 'A', '2024-01-24 12:16:43'),
(22, 1001, 23, 'GMB1', 1, 10000, 0, 10000, 'A', '2024-01-24 12:25:11'),
(23, 1001, 24, 'GMB1', 1, 10000, 0, 10000, 'A', '2024-01-30 18:49:29'),
(24, 1001, 25, 'Consulting Fees for Manpower Placement React Native (Shubham Kumar)', 1, 12500, 0, 12500, 'A', '2024-02-01 14:15:00'),
(25, 1001, 26, 'GMB1', 1, 8475, 0, 8475, 'A', '2024-02-07 14:11:12'),
(26, 1001, 27, 'GMB1', 1, 8475, 0, 8475, 'A', '2024-02-08 14:36:05'),
(27, 1001, 28, 'Consulting Fees for Manpower Placement (React JS, Placed on 15/1/2024)', 1, 7500, 0, 7500, 'A', '2024-02-13 15:29:36'),
(28, 1001, 29, 'Consulting Fees for Manpower Placement (Node JS, Placed on 23/1/2024)', 1, 12500, 0, 12500, 'A', '2024-02-19 16:03:55'),
(29, 1001, 30, 'Consulting Fees for Manpower Placement (Property Advisor, Placed on 22 Jan 2024 )', 1, 20120, 0, 20120, 'A', '2024-02-19 16:41:35'),
(30, 1001, 31, 'Consulting Fees for Manpower Placement (BOE, Placed on 29JAN2024)', 1, 5500, 0, 5500, 'A', '2024-02-19 17:56:18'),
(31, 1001, 32, 'GMB1', 1, 10000, 0, 10000, 'A', '2024-02-28 12:46:27'),
(32, 1001, 33, 'GMB1', 1, 8475, 0, 8475, 'A', '2024-03-08 12:00:04'),
(33, 1001, 34, 'GMB3', 1, 15000, 0, 15000, 'A', '2024-03-19 15:36:50');

-- --------------------------------------------------------

--
-- Table structure for table `leave_details`
--

CREATE TABLE `leave_details` (
  `id` int(11) NOT NULL,
  `client_id` int(11) NOT NULL,
  `employee_id` int(11) NOT NULL,
  `user_id` int(11) NOT NULL,
  `leave_subject` varchar(200) DEFAULT NULL,
  `leave_matter` longtext,
  `leave_dates` varchar(50) DEFAULT NULL,
  `leave_month` int(11) NOT NULL DEFAULT '0',
  `leave_year` int(11) NOT NULL DEFAULT '0',
  `leave_apply_date` datetime DEFAULT CURRENT_TIMESTAMP,
  `response` varchar(250) DEFAULT NULL,
  `response_by_user_id` int(11) NOT NULL,
  `response_date` datetime NOT NULL DEFAULT CURRENT_TIMESTAMP,
  `action_taken_status` int(11) NOT NULL DEFAULT '1' COMMENT '1 = APPLIED\r\n2 = PROCESSING\r\n3 = ON-HOLD\r\n4 = ACCEPTED\r\n5 = REJECTED',
  `admin_response` varchar(300) DEFAULT NULL,
  `admin_user_id` int(11) NOT NULL DEFAULT '0',
  `admin_response_date` date DEFAULT NULL,
  `admin_action_taken_status` int(11) NOT NULL DEFAULT '0' COMMENT '0 = NOTHING, 1 = APPLIED 2 = PROCESSING 3 = ON-HOLD 4 = ACCEPTED 5 = REJECTED',
  `reference_doc` varchar(100) DEFAULT NULL,
  `status` varchar(1) NOT NULL DEFAULT 'A',
  `creation_date` int(11) NOT NULL,
  `infotext` varchar(200) DEFAULT NULL
) ENGINE=InnoDB DEFAULT CHARSET=utf8mb4;

--
-- Dumping data for table `leave_details`
--

INSERT INTO `leave_details` (`id`, `client_id`, `employee_id`, `user_id`, `leave_subject`, `leave_matter`, `leave_dates`, `leave_month`, `leave_year`, `leave_apply_date`, `response`, `response_by_user_id`, `response_date`, `action_taken_status`, `admin_response`, `admin_user_id`, `admin_response_date`, `admin_action_taken_status`, `reference_doc`, `status`, `creation_date`, `infotext`) VALUES
(1, 1001, 20, 24, 'Personal', 'Personal', '14', 2, 2024, '2024-02-01 13:15:04', NULL, 0, '2024-02-01 13:15:04', 1, NULL, 0, NULL, 0, NULL, 'A', 2024, NULL),
(2, 1001, 6, 10, 'Leave for Sickness of Mother-in-Law', 'Dear Pallavi, I am writing this mail to you to keep you informed that my mother-in-law health is not good and found some kidney issue. Thus doctor appointment has been fixed tomorrow (6th Feb 2024) at Apollo at 1 pm. Therefore I have to stay at home.', '6', 2, 2024, '2024-02-05 11:51:47', NULL, 0, '2024-02-05 11:51:47', 1, 'Approved.', 6, '2024-02-05', 4, NULL, 'A', 2024, NULL),
(3, 1001, 8, 12, 'Leave for sickness ', 'Extreme pain in my leg and feeling weakness', '16', 2, 2024, '2024-02-06 14:56:57', NULL, 0, '2024-02-06 14:56:57', 1, 'Take rest.', 6, '2024-02-06', 4, NULL, 'A', 2024, NULL),
(6, 1001, 11, 15, 'Leave Request for Postponed Examinations', '&lt;p&gt;Dear Sir / Madam,&lt;/p&gt;&lt;p&gt;&lt;br&gt;&lt;/p&gt;&lt;p&gt;I hope this message finds you well. I am writing to formally request a leave of absence from work for the &lt;b&gt;16th and 19th of February 2024&lt;/b&gt;. These dates coincide with the rescheduled examinations for my B Tech 3rd year, which were postponed from a previous leave period.&lt;/p&gt;&lt;p&gt;&lt;br&gt;&lt;/p&gt;&lt;p&gt;I want to bring to your attention that during my previous leave for the 3rd year of my B Tech, two examinations were postponed. As a result, I joined work two days earlier than initially communicated in my leave application. The examinations on the 16th and 19th of February are the rescheduled dates for those postponed exams, and I am requesting leave for those specific days.&lt;/p&gt;&lt;p&gt;&lt;br&gt;&lt;/p&gt;&lt;p&gt;I understand the significance of my responsibilities at the office, and I am committed to providing any assistance required for a smooth transition.&lt;/p&gt;&lt;p&gt;&lt;br&gt;&lt;/p&gt;&lt;p&gt;Your understanding and consideration are highly appreciated.&lt;/p&gt;&lt;p&gt;&lt;br&gt;&lt;/p&gt;&lt;p&gt;Thank you for your attention to this matter. I look forward to your positive response to my leave request.&lt;/p&gt;&lt;p&gt;&lt;br&gt;&lt;/p&gt;&lt;p&gt;Sincerely,&lt;/p&gt;&lt;p&gt;&lt;br&gt;&lt;/p&gt;&lt;p&gt;&lt;i&gt;&lt;b&gt;Jyotirmoy Saha&lt;/b&gt;&lt;/i&gt;&lt;/p&gt;', '16,19', 2, 2024, '2024-02-06 16:58:24', NULL, 0, '2024-02-06 16:58:24', 1, NULL, 0, NULL, 0, 'Jyotirmoy_Saha_LEAVE_REF_DOC_06February_2024.pdf', 'A', 2024, NULL),
(7, 1001, 2, 6, 'Leave for Saraswati Puja at Home', '&lt;p&gt;Respected Sir,&lt;/p&gt;&lt;p&gt;&lt;br&gt;&lt;/p&gt;&lt;p&gt;&lt;br&gt;&lt;/p&gt;&lt;p&gt;I would like to apply a personal leave due to Saraswati Puja at my home.&amp;nbsp;&amp;nbsp;&lt;/p&gt;', '14', 2, 2024, '2024-02-06 17:30:24', NULL, 0, '2024-02-06 17:30:24', 1, NULL, 0, NULL, 0, NULL, 'A', 2024, NULL),
(8, 1001, 9, 13, 'Leave Request for Home Visit', '&lt;p&gt;&lt;span style=\\&quot;color: rgb(34, 34, 34); font-family: Arial, Helvetica, sans-serif; font-size: small;\\&quot;&gt;Dear Sir/Mam,&lt;/span&gt;&lt;br style=\\&quot;color: rgb(34, 34, 34); font-family: Arial, Helvetica, sans-serif; font-size: small;\\&quot;&gt;&lt;br style=\\&quot;color: rgb(34, 34, 34); font-family: Arial, Helvetica, sans-serif; font-size: small;\\&quot;&gt;&lt;span style=\\&quot;color: rgb(34, 34, 34); font-family: Arial, Helvetica, sans-serif; font-size: small;\\&quot;&gt;I hope this message finds you well.&lt;/span&gt;&lt;br style=\\&quot;color: rgb(34, 34, 34); font-family: Arial, Helvetica, sans-serif; font-size: small;\\&quot;&gt;&lt;br style=\\&quot;color: rgb(34, 34, 34); font-family: Arial, Helvetica, sans-serif; font-size: small;\\&quot;&gt;&lt;span style=\\&quot;color: rgb(34, 34, 34); font-family: Arial, Helvetica, sans-serif; font-size: small;\\&quot;&gt;I am writing to formally request a leave for 9th &amp;amp; 10th of February, 2024 due to some family matter that requires my immediate attention. I understand the importance of my work and want to assure you that I will ensure everything is in order before I leave. If there are any specific tasks that you would like me to address before my departure, please do not hesitate to let me know.&lt;/span&gt;&lt;br style=\\&quot;color: rgb(34, 34, 34); font-family: Arial, Helvetica, sans-serif; font-size: small;\\&quot;&gt;&lt;br style=\\&quot;color: rgb(34, 34, 34); font-family: Arial, Helvetica, sans-serif; font-size: small;\\&quot;&gt;&lt;span style=\\&quot;color: rgb(34, 34, 34); font-family: Arial, Helvetica, sans-serif; font-size: small;\\&quot;&gt;I sincerely appreciate your understanding and support in this matter. Thank you for your consideration.&lt;/span&gt;&lt;br style=\\&quot;color: rgb(34, 34, 34); font-family: Arial, Helvetica, sans-serif; font-size: small;\\&quot;&gt;&lt;br style=\\&quot;color: rgb(34, 34, 34); font-family: Arial, Helvetica, sans-serif; font-size: small;\\&quot;&gt;&lt;span style=\\&quot;color: rgb(34, 34, 34); font-family: Arial, Helvetica, sans-serif; font-size: small;\\&quot;&gt;Warm regards,&lt;/span&gt;&lt;br style=\\&quot;color: rgb(34, 34, 34); font-family: Arial, Helvetica, sans-serif; font-size: small;\\&quot;&gt;&lt;span style=\\&quot;color: rgb(34, 34, 34); font-family: Arial, Helvetica, sans-serif; font-size: small;\\&quot;&gt;Koushik Mandal&lt;/span&gt;&lt;br&gt;&lt;/p&gt;', '9, 10', 2, 2024, '2024-02-07 16:19:52', NULL, 0, '2024-02-07 16:19:52', 1, NULL, 0, NULL, 0, NULL, 'A', 2024, NULL),
(10, 1001, 11, 15, 'Sister marriage', '&lt;p&gt;Respected Sir,&lt;/p&gt;&lt;p&gt;&lt;br&gt;&lt;/p&gt;&lt;p&gt;&amp;nbsp; &amp;nbsp; I trust this message finds you well. I am writing to formally request a leave of absence from work for a period encompassing the &lt;b&gt;12th to 15th of February 2024&lt;/b&gt;. The primary reason for my leave is my sister\\&#039;s marriage ceremony, a significant family event that requires my presence and active participation, taking place from the 12th to the 15th of February.&lt;/p&gt;&lt;p&gt;&lt;br&gt;&lt;/p&gt;&lt;p&gt;Thank you for your time and understanding. Your understanding and consideration of my request are highly appreciated. I look forward to your positive response to my leave request.&lt;/p&gt;&lt;p&gt;&lt;br&gt;&lt;/p&gt;&lt;p&gt;Sincerely,&lt;/p&gt;&lt;p&gt;&lt;br&gt;&lt;/p&gt;&lt;p&gt;Jyotirmoy Saha (Web Developer)&lt;/p&gt;', '12th to 15th', 2, 2024, '2024-02-08 13:53:22', NULL, 0, '2024-02-08 13:53:22', 1, NULL, 0, NULL, 0, NULL, 'A', 2024, NULL),
(11, 1001, 8, 12, 'Leave for sickness', '&lt;p&gt;Pain in ankle due to strains and swelling.Therefore,not able to walk properly.&lt;/p&gt;', '9 Feb and 10 Feb', 2, 2024, '2024-02-09 13:40:15', NULL, 0, '2024-02-09 13:40:15', 1, 'okay', 6, '2024-02-12', 4, 'Kiran_Saroj_LEAVE_REF_DOC_09February_2024.pdf', 'A', 2024, NULL),
(12, 1001, 8, 12, 'Leave for Sarswati puja ', '&lt;p&gt;Leave for Sarswati puja festival.&lt;/p&gt;', '14 Feb 2024', 2, 2024, '2024-02-13 23:30:54', NULL, 0, '2024-02-13 23:30:54', 1, 'Approved.', 6, '2024-02-15', 4, NULL, 'A', 2024, NULL),
(13, 1001, 16, 20, 'self marriage', '&lt;p&gt;&lt;br&gt;&lt;/p&gt;&lt;p&gt;&lt;br&gt;&lt;/p&gt;', '1st to 15th ', 3, 2024, '2024-02-29 12:52:02', 'approved', 19, '2024-03-01 12:02:11', 4, NULL, 0, NULL, 0, NULL, 'A', 2024, NULL),
(14, 1001, 6, 10, 'Leave for Doctor Appointment', '&lt;p&gt;Dear Pallavi,&lt;/p&gt;&lt;p&gt;As discussed, I took a leave due to doctor appointment for my mother-in-law on 23rd February 2024.&lt;/p&gt;', '23', 2, 2024, '2024-03-01 10:49:44', NULL, 0, '2024-03-01 10:49:44', 1, 'Approved', 6, '2024-03-04', 4, NULL, 'A', 2024, NULL),
(15, 1001, 6, 10, 'Doctor appointment of Mother-in-Law', '&lt;p&gt;Dear Pallabi,&lt;/p&gt;&lt;p&gt;As I discussed with you, my mother-in-law health condition is not good. She is&amp;nbsp; in under doctor treatment due to her kidney issues. For 2nd visit doctor gave us date of 6th March 2024. Hence I need a leave on the same day due to take care of my daughter as my family members will not be available at home regarding doctor visit.&lt;/p&gt;', '6', 3, 2024, '2024-03-04 14:37:01', NULL, 0, '2024-03-04 14:37:01', 1, 'okay', 6, '2024-03-04', 4, NULL, 'A', 2024, NULL),
(16, 1001, 8, 12, 'Leave for Housewarming ', '&lt;p&gt;Leave for Housewarming.&lt;/p&gt;', '6,7', 3, 2024, '2024-03-05 13:21:57', NULL, 0, '2024-03-05 13:21:57', 1, 'approved', 6, '2024-03-07', 4, NULL, 'A', 2024, NULL),
(17, 1001, 8, 12, 'Leave for sickness', '&lt;p&gt;Leave for sickness&amp;nbsp;&lt;/p&gt;', '13 and 14 ', 3, 2024, '2024-03-14 11:06:18', NULL, 0, '2024-03-14 11:06:18', 1, NULL, 0, NULL, 0, NULL, 'A', 2024, NULL);

-- --------------------------------------------------------

--
-- Table structure for table `messages`
--

CREATE TABLE `messages` (
  `id` int(11) NOT NULL,
  `client_id` int(11) NOT NULL DEFAULT '1001',
  `sender_user_id` int(11) NOT NULL,
  `receiver_user_id` int(11) NOT NULL,
  `status` varchar(1) NOT NULL DEFAULT 'A' COMMENT 'A = Active, D = Deactive/Deleted',
  `creation_date` datetime NOT NULL DEFAULT CURRENT_TIMESTAMP
) ENGINE=InnoDB DEFAULT CHARSET=utf8mb4;

--
-- Dumping data for table `messages`
--

INSERT INTO `messages` (`id`, `client_id`, `sender_user_id`, `receiver_user_id`, `status`, `creation_date`) VALUES
(1, 1001, 6, 10, 'A', '2024-01-24 12:29:32'),
(2, 1001, 15, 6, 'A', '2024-01-30 18:28:19'),
(3, 1001, 13, 11, 'A', '2024-01-31 12:23:28'),
(4, 1001, 20, 19, 'A', '2024-01-31 17:41:12'),
(5, 1001, 11, 6, 'A', '2024-02-02 10:08:38'),
(6, 1001, 12, 6, 'A', '2024-02-02 10:39:02'),
(7, 1001, 13, 6, 'A', '2024-02-07 16:33:18'),
(8, 1001, 14, 6, 'A', '2024-02-14 15:08:59'),
(9, 1001, 3, 15, 'A', '2024-02-23 17:56:25'),
(10, 1001, 13, 15, 'A', '2024-03-23 12:58:28'),
(11, 1001, 19, 21, 'A', '2024-03-23 13:27:15');

-- --------------------------------------------------------

--
-- Table structure for table `message_details`
--

CREATE TABLE `message_details` (
  `id` int(11) NOT NULL,
  `client_id` int(11) NOT NULL,
  `message_id` int(11) NOT NULL,
  `user_id` int(11) NOT NULL,
  `message_txt` varchar(400) DEFAULT NULL,
  `attachment_name` varchar(200) DEFAULT NULL,
  `status` varchar(1) NOT NULL DEFAULT 'A',
  `creation_date` datetime NOT NULL DEFAULT CURRENT_TIMESTAMP
) ENGINE=InnoDB DEFAULT CHARSET=utf8mb4;

--
-- Dumping data for table `message_details`
--

INSERT INTO `message_details` (`id`, `client_id`, `message_id`, `user_id`, `message_txt`, `attachment_name`, `status`, `creation_date`) VALUES
(1, 1001, 1, 6, 'hi', NULL, 'A', '2024-01-24 12:29:32'),
(2, 1001, 1, 6, 'Test msg', NULL, 'A', '2024-01-24 12:29:48'),
(3, 1001, 1, 10, 'hello', NULL, 'A', '2024-01-24 12:30:14'),
(4, 1001, 1, 6, 'test - CV', NULL, 'A', '2024-01-24 12:31:21'),
(5, 1001, 1, 6, NULL, 'Debashi_Karmakar_CV_new_updated_one_2024_20240124_123257.pdf', 'A', '2024-01-24 12:32:57'),
(6, 1001, 1, 10, 'received', NULL, 'A', '2024-01-24 12:33:18'),
(7, 1001, 1, 6, 'hi', NULL, 'A', '2024-01-24 16:58:57'),
(8, 1001, 1, 10, 'ok', NULL, 'A', '2024-01-24 16:59:19'),
(9, 1001, 1, 6, 'Thank You', NULL, 'A', '2024-01-24 16:59:41'),
(10, 1001, 1, 10, 'hh', NULL, 'A', '2024-01-24 16:59:54'),
(11, 1001, 1, 10, 'jj', NULL, 'A', '2024-01-24 17:00:05'),
(12, 1001, 1, 10, '55', NULL, 'A', '2024-01-24 17:15:47'),
(13, 1001, 1, 10, '22', NULL, 'A', '2024-01-24 17:15:54'),
(14, 1001, 2, 15, 'mam mobile number diye login hocche. dekhun.', NULL, 'A', '2024-01-30 18:28:19'),
(15, 1001, 2, 6, 'okay', NULL, 'A', '2024-01-30 18:35:38'),
(16, 1001, 3, 13, 'hello', NULL, 'A', '2024-01-31 12:23:28'),
(17, 1001, 3, 13, 'hello', NULL, 'A', '2024-01-31 12:23:28'),
(18, 1001, 3, 13, 'good morning', NULL, 'A', '2024-01-31 12:23:44'),
(19, 1001, 3, 13, 'good morning', NULL, 'A', '2024-01-31 12:23:44'),
(20, 1001, 3, 13, 'kothy', NULL, 'A', '2024-01-31 12:23:52'),
(21, 1001, 3, 13, 'kothy', NULL, 'A', '2024-01-31 12:23:52'),
(22, 1001, 3, 13, 'test korchilam', NULL, 'A', '2024-01-31 12:24:09'),
(23, 1001, 3, 13, 'test korchilam', NULL, 'A', '2024-01-31 12:24:09'),
(24, 1001, 3, 13, 'test korchilam', NULL, 'A', '2024-01-31 12:24:09'),
(25, 1001, 2, 15, 'hii', NULL, 'A', '2024-01-31 14:24:09'),
(26, 1001, 2, 15, NULL, 'Screenshot_(1)_20240131_142515.png', 'A', '2024-01-31 14:25:15'),
(27, 1001, 4, 20, 'hi ', NULL, 'A', '2024-01-31 17:41:12'),
(28, 1001, 4, 19, 'bolo chaman', NULL, 'A', '2024-02-01 10:24:55'),
(29, 1001, 5, 11, 'Friday 6th of November 2020', NULL, 'A', '2024-02-02 10:08:38'),
(30, 1001, 5, 11, '7 th november 2022', NULL, 'A', '2024-02-02 10:09:34'),
(31, 1001, 5, 11, 'Designation: it technician', NULL, 'A', '2024-02-02 10:10:52'),
(32, 1001, 6, 12, 'HI Mam i logged in early but why am i showing absent here?', NULL, 'A', '2024-02-02 10:39:02'),
(33, 1001, 6, 12, 'it showing that you are late of 57 mins but i logged in 9:57 am 3 min before 10 am ', NULL, 'A', '2024-02-02 10:40:40'),
(34, 1001, 6, 12, 'Dear Mam,  This mail is to inform you that I\'m unable to come today due to extreme pain in my leg and weakness.  Kindly grant me leave on 6 February 2024.   Kind regards   Kiran saroj Talent acquisition executive 8100491932', NULL, 'A', '2024-02-06 08:54:05'),
(35, 1001, 1, 10, 'Hello Pallavi, I have taken leave for today due to doctor appointment for my mother-in-law. But eventually the appointment got cancelled. Hence I have reported at office today. I may need the leave when the on the next appointment.  ', NULL, 'A', '2024-02-06 10:45:55'),
(36, 1001, 1, 10, 'I may need the leave based on the next appointment and I will inform accordingly', NULL, 'A', '2024-02-06 10:46:53'),
(37, 1001, 1, 6, 'Okay', NULL, 'A', '2024-02-06 14:29:18'),
(38, 1001, 6, 6, 'Okay Take rest.', NULL, 'A', '2024-02-06 14:29:39'),
(41, 1001, 7, 13, 'Happy Birthday Mam', NULL, 'A', '2024-02-08 13:42:27'),
(42, 1001, 8, 14, 'mam aj 4 tai berobo', NULL, 'A', '2024-02-14 15:08:59'),
(43, 1001, 1, 10, 'Hello pallabi as discussed with my daughters annual exam is going on. She has math exam tomorrow and her tutor will be absent today. So if you kindly release me early around 6 pm will great help so that I can get time to help my daughter in study & revision.', NULL, 'A', '2024-02-22 16:23:53'),
(44, 1001, 9, 3, 'Hello', NULL, 'A', '2024-02-23 17:56:25'),
(45, 1001, 9, 3, 'http://preview.themeforest.net/item/artday-creative-artist-wordpress-shop/full_screen_preview/14396982?_ga=2.54629227.1157062888.1640560473-1258797900.1640560473&_gac=1.15032004.1640560473.Cj0KCQiAwqCOBhCdARIsAEPyW9lV-xQIW3p0GV2DKxr8QJCW_C4PHIvC0LGdotTuQV4hZxjb_umvxvQaAkVfEALw_wcB', NULL, 'A', '2024-02-23 17:56:31'),
(46, 1001, 9, 3, 'https://www.helalstudio.com/portrait', NULL, 'A', '2024-02-23 17:56:38'),
(47, 1001, 9, 15, 'https://helal.wagingmaster.com', NULL, 'A', '2024-02-23 20:19:03'),
(48, 1001, 2, 15, 'Testing from here', NULL, 'A', '2024-02-27 14:56:41'),
(49, 1001, 2, 15, NULL, '19_(1)_20240227_145650.png', 'A', '2024-02-27 14:56:50'),
(50, 1001, 2, 15, NULL, 'shiprocket__shipping-label-488038550-SF957560549KR_20240227_145718.pdf', 'A', '2024-02-27 14:57:18'),
(51, 1001, 2, 15, 'This is for link testing: example.com', NULL, 'A', '2024-02-27 14:58:57'),
(52, 1001, 2, 15, 'www.example.com', NULL, 'A', '2024-02-27 14:59:12'),
(53, 1001, 2, 15, ' https://www.example.com', NULL, 'A', '2024-02-27 15:00:17'),
(54, 1001, 2, 15, 'testing ended', NULL, 'A', '2024-02-27 15:00:32'),
(55, 1001, 10, 13, 'hi', NULL, 'A', '2024-03-23 12:58:28'),
(56, 1001, 10, 13, NULL, 'digital_marketing_proposal_20240323_125901.png', 'A', '2024-03-23 12:59:01'),
(57, 1001, 10, 15, NULL, '3032441_4450_20240323_125905.jpg', 'A', '2024-03-23 12:59:05'),
(58, 1001, 10, 13, NULL, 'Banana_20240323_130158.zip', 'A', '2024-03-23 13:01:58'),
(59, 1001, 11, 19, NULL, 'Jai_shree_ram_20240323_132715.jpeg', 'A', '2024-03-23 13:27:15');

-- --------------------------------------------------------

--
-- Table structure for table `new_message_log`
--

CREATE TABLE `new_message_log` (
  `id` int(11) NOT NULL,
  `client_id` int(11) NOT NULL,
  `msg_receiver_user_id` int(11) NOT NULL,
  `msg_sender_user_id` int(11) NOT NULL,
  `new_msg` int(11) NOT NULL DEFAULT '1' COMMENT '0 = read, 1 = unread',
  `status` varchar(1) NOT NULL DEFAULT 'A' COMMENT '0 = Active, 1 = Deactive',
  `creation_date` datetime NOT NULL DEFAULT CURRENT_TIMESTAMP
) ENGINE=InnoDB DEFAULT CHARSET=utf8mb4;

--
-- Dumping data for table `new_message_log`
--

INSERT INTO `new_message_log` (`id`, `client_id`, `msg_receiver_user_id`, `msg_sender_user_id`, `new_msg`, `status`, `creation_date`) VALUES
(1, 1001, 10, 6, 0, 'D', '2024-01-24 12:29:32'),
(2, 1001, 10, 6, 0, 'D', '2024-01-24 12:29:48'),
(3, 1001, 6, 10, 0, 'D', '2024-01-24 12:30:14'),
(4, 1001, 10, 6, 0, 'D', '2024-01-24 12:31:21'),
(5, 1001, 10, 6, 0, 'D', '2024-01-24 12:32:57'),
(6, 1001, 6, 10, 0, 'D', '2024-01-24 12:33:18'),
(7, 1001, 10, 6, 0, 'D', '2024-01-24 16:58:57'),
(8, 1001, 6, 10, 0, 'D', '2024-01-24 16:59:19'),
(9, 1001, 10, 6, 0, 'D', '2024-01-24 16:59:41'),
(10, 1001, 6, 10, 0, 'D', '2024-01-24 16:59:54'),
(11, 1001, 6, 10, 0, 'D', '2024-01-24 17:00:05'),
(12, 1001, 6, 10, 0, 'D', '2024-01-24 17:15:47'),
(13, 1001, 6, 10, 0, 'D', '2024-01-24 17:15:54'),
(14, 1001, 6, 15, 0, 'D', '2024-01-30 18:28:19'),
(15, 1001, 15, 6, 0, 'D', '2024-01-30 18:35:38'),
(16, 1001, 11, 13, 1, 'A', '2024-01-31 12:23:28'),
(17, 1001, 11, 13, 1, 'A', '2024-01-31 12:23:28'),
(18, 1001, 11, 13, 1, 'A', '2024-01-31 12:23:44'),
(19, 1001, 11, 13, 1, 'A', '2024-01-31 12:23:44'),
(20, 1001, 11, 13, 1, 'A', '2024-01-31 12:23:52'),
(21, 1001, 11, 13, 1, 'A', '2024-01-31 12:23:52'),
(22, 1001, 11, 13, 1, 'A', '2024-01-31 12:24:09'),
(23, 1001, 11, 13, 1, 'A', '2024-01-31 12:24:09'),
(24, 1001, 11, 13, 1, 'A', '2024-01-31 12:24:09'),
(25, 1001, 6, 15, 0, 'D', '2024-01-31 14:24:09'),
(26, 1001, 6, 15, 0, 'D', '2024-01-31 14:25:15'),
(27, 1001, 19, 20, 0, 'D', '2024-01-31 17:41:12'),
(28, 1001, 20, 19, 0, 'D', '2024-02-01 10:24:55'),
(29, 1001, 6, 11, 0, 'D', '2024-02-02 10:08:38'),
(30, 1001, 6, 11, 0, 'D', '2024-02-02 10:09:34'),
(31, 1001, 6, 11, 0, 'D', '2024-02-02 10:10:52'),
(32, 1001, 6, 12, 0, 'D', '2024-02-02 10:39:02'),
(33, 1001, 6, 12, 0, 'D', '2024-02-02 10:40:40'),
(34, 1001, 6, 12, 0, 'D', '2024-02-06 08:54:05'),
(35, 1001, 6, 10, 0, 'D', '2024-02-06 10:45:55'),
(36, 1001, 6, 10, 0, 'D', '2024-02-06 10:46:53'),
(37, 1001, 10, 6, 0, 'D', '2024-02-06 14:29:18'),
(38, 1001, 12, 6, 0, 'D', '2024-02-06 14:29:39'),
(41, 1001, 6, 13, 0, 'D', '2024-02-08 13:42:27'),
(42, 1001, 6, 14, 0, 'D', '2024-02-14 15:08:59'),
(43, 1001, 6, 10, 0, 'D', '2024-02-22 16:23:53'),
(44, 1001, 15, 3, 0, 'D', '2024-02-23 17:56:25'),
(45, 1001, 15, 3, 0, 'D', '2024-02-23 17:56:31'),
(46, 1001, 15, 3, 0, 'D', '2024-02-23 17:56:38'),
(47, 1001, 3, 15, 1, 'A', '2024-02-23 20:19:03'),
(48, 1001, 6, 15, 0, 'D', '2024-02-27 14:56:41'),
(49, 1001, 6, 15, 0, 'D', '2024-02-27 14:56:50'),
(50, 1001, 6, 15, 0, 'D', '2024-02-27 14:57:18'),
(51, 1001, 6, 15, 0, 'D', '2024-02-27 14:58:57'),
(52, 1001, 6, 15, 0, 'D', '2024-02-27 14:59:12'),
(53, 1001, 6, 15, 0, 'D', '2024-02-27 15:00:17'),
(54, 1001, 6, 15, 0, 'D', '2024-02-27 15:00:32'),
(55, 1001, 15, 13, 0, 'D', '2024-03-23 12:58:28'),
(56, 1001, 15, 13, 0, 'D', '2024-03-23 12:59:01'),
(57, 1001, 13, 15, 0, 'D', '2024-03-23 12:59:05'),
(58, 1001, 15, 13, 0, 'D', '2024-03-23 13:01:58'),
(59, 1001, 21, 19, 1, 'A', '2024-03-23 13:27:15');

-- --------------------------------------------------------

--
-- Table structure for table `notices`
--

CREATE TABLE `notices` (
  `id` int(11) NOT NULL,
  `client_id` int(11) NOT NULL,
  `notice_subject` varchar(200) DEFAULT NULL,
  `notice_file` varchar(100) DEFAULT NULL,
  `notice_added_by` int(11) NOT NULL DEFAULT '0' COMMENT 'Current User ID',
  `active` int(11) NOT NULL DEFAULT '1' COMMENT '0 = Draft\r\n1 = Published',
  `status` varchar(1) NOT NULL DEFAULT 'A' COMMENT 'A = Active, D = Deactive / Deleted',
  `creation_date` datetime NOT NULL DEFAULT CURRENT_TIMESTAMP,
  `last_active_date` datetime DEFAULT NULL
) ENGINE=InnoDB DEFAULT CHARSET=utf8mb4;

-- --------------------------------------------------------

--
-- Table structure for table `pay_slip`
--

CREATE TABLE `pay_slip` (
  `id` int(11) NOT NULL,
  `client_id` int(11) NOT NULL DEFAULT '1001',
  `employee_id` int(11) NOT NULL,
  `payslip_month` int(11) NOT NULL COMMENT 'Month Index Number',
  `payslip_file` varchar(100) DEFAULT NULL,
  `uploaded_by` int(11) NOT NULL COMMENT 'Current User ID',
  `active` int(11) NOT NULL DEFAULT '1' COMMENT '0 = Inactive, 1 = Active',
  `status` varchar(1) NOT NULL DEFAULT 'A',
  `accept_status` int(11) NOT NULL DEFAULT '2' COMMENT '1 = Accepted\r\n2 = Pending\r\n3 = Dispute Raised',
  `creation_date` datetime NOT NULL DEFAULT CURRENT_TIMESTAMP,
  `last_active_date` datetime DEFAULT NULL
) ENGINE=InnoDB DEFAULT CHARSET=utf8mb4;

--
-- Dumping data for table `pay_slip`
--

INSERT INTO `pay_slip` (`id`, `client_id`, `employee_id`, `payslip_month`, `payslip_file`, `uploaded_by`, `active`, `status`, `accept_status`, `creation_date`, `last_active_date`) VALUES
(1, 1001, 6, 1, 'Rupsa_Roy_Bhattacharyya_January_2024.pdf', 6, 1, 'A', 1, '2024-02-05 19:25:22', NULL),
(2, 1001, 11, 1, 'Jyotirmoy_Saha_January_2024.pdf', 6, 1, 'A', 1, '2024-02-05 19:31:56', NULL),
(3, 1001, 10, 1, 'Tanmoy_Samanta_January_2024.pdf', 6, 1, 'A', 1, '2024-02-05 20:18:18', NULL),
(4, 1001, 9, 1, 'Koushik_Mandal_January_2024.pdf', 6, 1, 'A', 1, '2024-02-05 20:18:53', NULL),
(5, 1001, 13, 1, 'Sayani_Mondal_January_2024.pdf', 6, 1, 'A', 1, '2024-02-05 20:34:37', NULL),
(6, 1001, 14, 1, 'Udayan_Singha_January_2024.pdf', 6, 1, 'A', 2, '2024-02-05 20:35:35', NULL),
(7, 1001, 7, 1, 'Ananda_Patra_January_2024.pdf', 6, 1, 'A', 1, '2024-02-07 20:46:21', NULL),
(8, 1001, 8, 1, 'Kiran_Saroj_January_2024.pdf', 6, 1, 'A', 1, '2024-02-07 20:47:42', NULL),
(9, 1001, 15, 1, 'Nitin_Maheshwari_January_2024.pdf', 6, 1, 'A', 1, '2024-02-07 20:52:35', NULL),
(10, 1001, 16, 1, 'Arindam_Sarkar_January_2024.pdf', 6, 1, 'A', 1, '2024-02-07 20:53:00', '2024-02-12 14:25:47'),
(11, 1001, 17, 1, 'Sanmoni_Chetiya_January_2024.pdf', 6, 1, 'A', 1, '2024-02-07 20:53:22', '2024-02-12 14:25:54'),
(12, 1001, 18, 1, 'Ananya_Makal_January_2024.pdf', 6, 1, 'A', 1, '2024-02-07 20:53:42', NULL),
(13, 1001, 19, 1, 'Durjoy_Acharjee_January_2024.pdf', 6, 1, 'A', 2, '2024-02-07 20:54:08', '2024-02-12 14:25:57'),
(14, 1001, 20, 1, 'Abdul_Wahid_January_2024.pdf', 6, 1, 'A', 2, '2024-02-07 20:54:26', NULL),
(15, 1001, 12, 1, 'Chiro_Prasanna_Chatterjee_January_2024.pdf', 6, 1, 'A', 2, '2024-02-07 20:56:17', NULL),
(16, 1001, 6, 2, 'Rupsa_Roy_Bhattacharyya_February_2024.pdf', 6, 1, 'A', 1, '2024-03-11 15:54:51', NULL),
(17, 1001, 7, 2, 'Ananda_Patra_February_2024.pdf', 6, 1, 'A', 3, '2024-03-11 15:55:14', NULL),
(18, 1001, 8, 2, 'Kiran_Saroj_February_2024.pdf', 6, 1, 'A', 1, '2024-03-11 15:55:36', NULL),
(19, 1001, 9, 2, 'Koushik_Mandal_February_2024.pdf', 6, 1, 'A', 2, '2024-03-11 15:55:59', NULL),
(20, 1001, 10, 2, 'Tanmoy_Samanta_February_2024.pdf', 6, 1, 'A', 2, '2024-03-11 15:56:35', NULL),
(21, 1001, 11, 2, 'Jyotirmoy_Saha_February_2024.pdf', 6, 1, 'A', 3, '2024-03-11 15:57:07', NULL),
(22, 1001, 13, 2, 'Sayani_Mondal_February_2024.pdf', 6, 1, 'A', 1, '2024-03-11 15:57:34', NULL),
(23, 1001, 14, 2, 'Udayan_Singha_February_2024.pdf', 6, 1, 'A', 2, '2024-03-11 15:57:57', NULL),
(24, 1001, 15, 2, 'Nitin_Maheshwari_February_2024.pdf', 6, 1, 'A', 3, '2024-03-11 15:58:27', NULL),
(25, 1001, 16, 2, 'Arindam_Sarkar_February_2024.pdf', 6, 1, 'A', 1, '2024-03-11 15:58:51', NULL),
(26, 1001, 17, 2, 'Sanmoni_Chetiya_February_2024.pdf', 6, 1, 'A', 2, '2024-03-11 15:59:32', NULL),
(27, 1001, 18, 2, 'Ananya_Makal_February_2024.pdf', 6, 1, 'A', 3, '2024-03-11 15:59:51', NULL),
(28, 1001, 20, 2, 'Abdul_Wahid_February_2024.pdf', 6, 1, 'A', 2, '2024-03-11 16:00:10', NULL),
(29, 1001, 22, 2, 'Mohini_Das_February_2024.pdf', 6, 1, 'A', 1, '2024-03-11 16:00:49', NULL),
(30, 1001, 23, 2, 'MD_Omar_Raihan_Gazi_February_2024.pdf', 6, 1, 'A', 1, '2024-03-11 16:01:22', NULL),
(31, 1001, 24, 2, 'Rishav_Tapadar_February_2024.pdf', 6, 1, 'A', 2, '2024-03-11 16:01:47', NULL),
(32, 1001, 25, 2, 'Bivash_Shil_February_2024.pdf', 6, 1, 'A', 1, '2024-03-11 16:05:34', NULL);

-- --------------------------------------------------------

--
-- Table structure for table `users`
--

CREATE TABLE `users` (
  `id` int(11) NOT NULL,
  `client_id` int(11) NOT NULL,
  `employee_id` int(11) NOT NULL DEFAULT '0',
  `user_type` int(11) NOT NULL COMMENT '(SADMIN, 7)\r\n(ADMIN, 6)\r\n(MANAGER, 5)\r\n(EMPLOYEE, 4)',
  `name` varchar(100) NOT NULL,
  `email` varchar(70) DEFAULT NULL,
  `mobile` varchar(15) DEFAULT NULL,
  `password` varchar(20) NOT NULL,
  `pass_hash` varchar(100) NOT NULL,
  `ref_id` int(11) NOT NULL DEFAULT '0' COMMENT 'Reference Table Id',
  `active` int(11) NOT NULL DEFAULT '1' COMMENT '1 = Active, 0 = Deactive',
  `status` varchar(1) NOT NULL DEFAULT 'A' COMMENT 'A = Active, D = Deleted / Removed',
  `creation_date` datetime NOT NULL DEFAULT CURRENT_TIMESTAMP,
  `infotext` varchar(200) DEFAULT NULL
) ENGINE=InnoDB DEFAULT CHARSET=utf8mb4;

--
-- Dumping data for table `users`
--

INSERT INTO `users` (`id`, `client_id`, `employee_id`, `user_type`, `name`, `email`, `mobile`, `password`, `pass_hash`, `ref_id`, `active`, `status`, `creation_date`, `infotext`) VALUES
(1, 1001, 0, 6, 'Paperlink HRD', 'jsaha.pl@gmail.com', '9123456789', 'Admin.1234', '9cdca6289d90c1b87395bfcb2a07e1b407710d11141d6c5080fbdfba5360cdff', 0, 1, 'A', '2022-04-20 11:09:54', NULL),
(3, 1001, 1001, 7, 'Nishan Saha', 'nishan.mark4u@gmail.com', '9433566387', 'Sadmin.1234', 'ad2d410ec36b60990d53022a0383713d404e3c2b8d1b604c25226541bc74c390', 0, 1, 'A', '2023-12-28 11:03:54', NULL),
(6, 1001, 2, 6, 'Pallabi', 'pallabi.officials@gmail.com', '9073327562', 'Pallabi.1234', '7e2ddedf76ac90d1136b6eb43cebf59c1cee5e89242029ca1885d501525082d7', 0, 1, 'A', '2024-01-03 12:16:58', NULL),
(10, 1001, 6, 5, 'Rupsa Roy Bhattacharyya', 'rupsa.roy@hotmail.com', '8961789009', 'Rupsa@4321', 'bda8872cc68d87133e72afbf1d1cf7782323591726a4f1e80ae4b61d26547256', 0, 1, 'A', '2024-01-12 19:03:34', NULL),
(11, 1001, 7, 5, 'Ananda Patra', 'anandapatra1998@gmail.com', '9903306473', 'Ananda@990330', 'db076987d62c7fb2304d69a30094f4194e07c7dbc9e612764a34214baa895da6', 0, 1, 'A', '2024-01-30 16:28:08', NULL),
(12, 1001, 8, 4, 'Kiran Saroj', 'kiransaroj64@gmail.com', '8100491932', 'Kiran@4321', '64b821cebe892b3251e457e97d9872cd876e182de51f61b5b8551623c4e1f277', 0, 1, 'A', '2024-01-30 16:46:45', NULL),
(13, 1001, 9, 4, 'Koushik Mandal', 'koushikmandal36636@gmail.com', '7003985385', 'Koushik@4321', 'a7df1abe5fa136d6cee0f9f8bcc6b2091990499a229e04fa5a68fff03359ca67', 0, 1, 'A', '2024-01-30 18:00:28', NULL),
(14, 1001, 10, 4, 'Tanmoy Samanta', 'samantatanmoy3@gmail.com', '8777054493', 'Tanmoy@4321', '279ba2126c38c7dc658e854d6fb0f8cf72646648588086d86b31f50359125529', 0, 1, 'A', '2024-01-30 18:14:00', NULL),
(15, 1001, 11, 4, 'Jyotirmoy Saha', '30jsaha@gmail.com', '6291248038', 'Joy@4321', 'ac87484856ed53a2ebf7ede9ad77bb364b5ae01133866fb740b21837d58564b0', 0, 1, 'A', '2024-01-30 18:24:14', NULL),
(16, 1001, 12, 5, 'Chiro Prasanna Chatterjee', 'prasannachiro@gmail.com', '8910638175', 'Chiro@4321', 'c9d983c054d16a147d8de8b6127d8c602e71b6b36d12d990c361abee797ba4ee', 0, 1, 'A', '2024-01-30 18:31:30', NULL),
(17, 1001, 13, 4, 'Sayani Mondal', 'meeshayani@gmail.com', '7278780246', 'Sayani@1234', '12348db39301e32c543429f7c2f8f8035bb436c19713979b97cd3fc23d1d65cd', 0, 1, 'A', '2024-01-31 13:17:38', NULL),
(18, 1001, 14, 4, 'Udayan Singha', 'udayan1798@gmail.com', '6290889006', 'Udayan@1234', '96d68ac4d258a45b23b193c1e4261f5775b43a38c1b2db0ed44413f1f4cc2d0f', 0, 1, 'A', '2024-01-31 13:40:38', NULL),
(19, 1001, 15, 5, 'Nitin Maheshwari', 'capricorn91283@gmail.com', '7980761822', 'Nitin@4321', 'b7a981068911c201000c75deda9ff76967f6babd6f148fc2f37a02335b418239', 0, 1, 'A', '2024-01-31 14:05:37', NULL),
(20, 1001, 16, 4, 'Arindam Sarkar', '1996arindam15@gmail.com', '8759375491', 'Arindam@1234', '86f21f82372d7ecbbba3c391304397bfac22ddcdb42ec4c61c034020f9242836', 0, 1, 'A', '2024-01-31 17:33:48', NULL),
(21, 1001, 17, 4, 'Sanmoni Chetiya', 'sanmonichetia1989@gmail.com', '9123371699', 'Sanmoni@1234', 'f45bf0c7714492d6c264da90ec4efb6c11ff704ea0465a023d69359b61771644', 0, 1, 'A', '2024-01-31 17:47:57', NULL),
(22, 1001, 18, 4, 'Ananya Makal', 'ananyamakal104@gmail.com', '6290386572', 'Ananya@1234', '55b0566ee667ac5f2edef71270bf7a0d94c0f26ed1349c9f219f8a28057bf080', 0, 1, 'A', '2024-01-31 17:58:53', NULL),
(23, 1001, 19, 4, 'Durjoy Acharjee', 'durjoyacharjee89@gmail.com', '7871549103', 'Durjoy@1234', '5f32f56cc24966870881f852f7b6d20192d989e9aec9c3e40b5f77b8c0b6c980', 0, 1, 'A', '2024-01-31 18:11:37', NULL),
(24, 1001, 20, 4, 'Abdul Wahid', 'mrabdul101@gmail.com', '9333616783', 'Abdul@4321', '9e4e745a47537c6974507d5deb9c96eb06cfda5e8556d9867179777535797663', 0, 1, 'A', '2024-01-31 18:28:46', NULL),
(25, 1001, 21, 4, 'Korak Ghosh', 'korakghosh3@gmail.com', '7001327168', 'Korak@1994', '745ca41cbfd71dfe85f17599006650602f660959bdc32c725b1fc2c76b5ca524', 0, 1, 'A', '2024-02-12 12:06:09', NULL),
(26, 1001, 22, 4, 'Mohini Das', 'mdas41090@gmail.com', '7001343775', 'Mohini@321', '0f93e42f4f14ac3e970714ba009bf1e34a4ad81ef79e0a8d7eb17ad6e89b6a51', 0, 1, 'A', '2024-02-12 14:07:56', NULL),
(27, 1001, 23, 4, 'MD Omar Raihan Gazi', 'raihangazi44@gmail.com', '8617437997', 'Raihan@4321', '32d5a05bbb7968dc30187da6634290b0b2a982a45c7fb2375fc7c8b232884e46', 0, 1, 'A', '2024-02-19 19:35:48', NULL),
(28, 1001, 24, 4, 'Rishav Tapadar', 'rishavtapadar007@gmail.com', '8910224677', 'Rishav@4321', '73a007b31c7cfe510b83963e64f1f3f636edb857d3d09ff75eb0f842d0fec1fe', 0, 1, 'A', '2024-02-19 19:47:37', NULL),
(29, 1001, 25, 4, 'Bivash Shil', 'iambivashshil@gmail.com', '7866071749', 'Bivash@4321', '9f78393ca45f426e6252a2dfa67b8c0e580c3c9c0dd5325839ac2dc71c442cdd', 0, 1, 'A', '2024-02-20 20:23:01', NULL),
(30, 1001, 26, 4, 'Sonu Sharma', 'sonusharmastar97@gmail.com', '8777738354', 'Sonu@4321', '354afeb6ade78cb6a9be972e82848473aba95240f61db23b36b734e369757771', 0, 1, 'A', '2024-02-20 20:27:04', NULL),
(31, 1001, 27, 4, 'Arunima Nath', 'arunimanath22@gmail.com', '8240232544', 'Arunima@1111', 'b8ca3824b082210cc8cdd41f90c710b4a1574d738347a221247c730c9d00827d', 0, 1, 'A', '2024-02-26 17:36:49', NULL),
(32, 1001, 28, 4, 'Nipoban Dutta', 'duttanipoban@gmail.com', '8100427118', 'Nipoban@2222', '2bf36a75f69cee13e071e0e831c7601b23d80f49d2fdf4f6177706935ffbae30', 0, 1, 'A', '2024-02-26 17:46:12', NULL),
(33, 1001, 29, 4, 'Antareekshya Goswami', 'archish.gos.man@gmail.com', '84208999097', 'Antareekshya@1111', '86308c6ea14be2b1268da681cb3b6f7374fe5279067662648693c9c5fc5783b5', 0, 1, 'A', '2024-02-26 18:08:52', NULL),
(34, 1001, 30, 4, 'Antara Acharjee', 'antaraacharjee49@gmail.com', '7811853935', 'Antara@1111', '8f5471190b0eff549453f22aa914e7ba6ccbba1f613a8c92872089cceccd6970', 0, 1, 'A', '2024-02-27 17:49:47', NULL),
(35, 1001, 31, 4, 'Soumitra Das', 'somu78976@gmail.com', '8167610880', 'Soumitra@1111', '3dee869ba14b55d0fadb9b137abf19fafdb6758992413197e6cc9f3bfa327c5a', 0, 1, 'A', '2024-03-04 19:53:18', NULL),
(36, 1001, 32, 4, 'Rajpriya Paul', 'rajpriyapaul1999@gmail.com', '8910572861', 'Rajpriya@1111', '730c751686a2c64fed270d218e8174eac56be86abb1f3809f675eb03e0ee199d', 0, 1, 'A', '2024-03-04 20:01:39', NULL),
(37, 1001, 33, 4, 'Shakshi Singh', '2607shakshisingh@gmail.com', '9693622057', 'Shakshi@1111', '60acd80684666fa805cbcd3516212fba812bc456577fa8dd93499322b6007aa9', 0, 1, 'A', '2024-03-14 13:24:16', NULL),
(38, 1001, 34, 4, 'Suman Giri', 'SG2887974@gmail.com', '7439725076', 'Suman@2222', 'ef3aa7320173d8b19655d45c1959000aa11ede253473996d0cdcae42d08b5cdd', 0, 1, 'A', '2024-03-14 13:33:23', NULL),
(39, 1001, 35, 4, 'Kuheli Paul', 'kuhelipaul2003@gmail.com', '9748233976', 'Kuheli@1111', '6e8a6521fd6698ffef1185f78aa1bd20fe87872d3a9ef060a3081c57b2e49f98', 0, 1, 'A', '2024-03-14 13:45:39', NULL),
(40, 1001, 36, 4, 'Tanusree', 'tanusreedas248@gmail.com', '9330973104', 'Tanusree@1111', 'ef95e18655f33954f4d9ab2328ebfa4f7100da04adf73ec6b45e18d2b4d4db9d', 0, 1, 'A', '2024-03-15 15:11:36', NULL),
(41, 1001, 37, 4, 'Iftekhar Ahmed', 'ia6919859@gmail.com', '9123022135', 'Iftekhar@1111', 'a72cabb7d1fe034d1c38d40bb22f81fecdb24a88851768dc5d3f315e248e2934', 0, 1, 'A', '2024-03-15 16:24:52', NULL),
(42, 1001, 38, 4, 'Joydeep Paul', 'joydeeppaul2015@gmail.com', '9073297728', 'Joydeep@1111', 'b06f0169904ebce798fdcca27f248a476a3f9264c36349bfe8f9ee6498ce6104', 0, 1, 'A', '2024-03-15 16:46:19', NULL);

--
-- Indexes for dumped tables
--

--
-- Indexes for table `attendance`
--
ALTER TABLE `attendance`
  ADD PRIMARY KEY (`id`);

--
-- Indexes for table `client`
--
ALTER TABLE `client`
  ADD PRIMARY KEY (`client_id`);

--
-- Indexes for table `departments`
--
ALTER TABLE `departments`
  ADD PRIMARY KEY (`id`);

--
-- Indexes for table `designations`
--
ALTER TABLE `designations`
  ADD PRIMARY KEY (`id`);

--
-- Indexes for table `domestic_clients_actions`
--
ALTER TABLE `domestic_clients_actions`
  ADD PRIMARY KEY (`id`);

--
-- Indexes for table `domestic_clients_data`
--
ALTER TABLE `domestic_clients_data`
  ADD PRIMARY KEY (`id`);

--
-- Indexes for table `employee_details`
--
ALTER TABLE `employee_details`
  ADD PRIMARY KEY (`id`);

--
-- Indexes for table `employee_reporting_manager`
--
ALTER TABLE `employee_reporting_manager`
  ADD PRIMARY KEY (`id`);

--
-- Indexes for table `holidays`
--
ALTER TABLE `holidays`
  ADD PRIMARY KEY (`id`);

--
-- Indexes for table `invoice`
--
ALTER TABLE `invoice`
  ADD PRIMARY KEY (`id`);

--
-- Indexes for table `invoice_details`
--
ALTER TABLE `invoice_details`
  ADD PRIMARY KEY (`id`);

--
-- Indexes for table `leave_details`
--
ALTER TABLE `leave_details`
  ADD PRIMARY KEY (`id`);

--
-- Indexes for table `messages`
--
ALTER TABLE `messages`
  ADD PRIMARY KEY (`id`);

--
-- Indexes for table `message_details`
--
ALTER TABLE `message_details`
  ADD PRIMARY KEY (`id`);

--
-- Indexes for table `new_message_log`
--
ALTER TABLE `new_message_log`
  ADD PRIMARY KEY (`id`);

--
-- Indexes for table `notices`
--
ALTER TABLE `notices`
  ADD PRIMARY KEY (`id`);

--
-- Indexes for table `pay_slip`
--
ALTER TABLE `pay_slip`
  ADD PRIMARY KEY (`id`);

--
-- Indexes for table `users`
--
ALTER TABLE `users`
  ADD PRIMARY KEY (`id`);

--
-- AUTO_INCREMENT for dumped tables
--

--
-- AUTO_INCREMENT for table `attendance`
--
ALTER TABLE `attendance`
  MODIFY `id` int(11) NOT NULL AUTO_INCREMENT, AUTO_INCREMENT=611;

--
-- AUTO_INCREMENT for table `client`
--
ALTER TABLE `client`
  MODIFY `client_id` int(11) NOT NULL AUTO_INCREMENT, AUTO_INCREMENT=1002;

--
-- AUTO_INCREMENT for table `departments`
--
ALTER TABLE `departments`
  MODIFY `id` int(11) NOT NULL AUTO_INCREMENT, AUTO_INCREMENT=8;

--
-- AUTO_INCREMENT for table `designations`
--
ALTER TABLE `designations`
  MODIFY `id` int(11) NOT NULL AUTO_INCREMENT, AUTO_INCREMENT=27;

--
-- AUTO_INCREMENT for table `domestic_clients_actions`
--
ALTER TABLE `domestic_clients_actions`
  MODIFY `id` int(11) NOT NULL AUTO_INCREMENT;

--
-- AUTO_INCREMENT for table `domestic_clients_data`
--
ALTER TABLE `domestic_clients_data`
  MODIFY `id` int(11) NOT NULL AUTO_INCREMENT;

--
-- AUTO_INCREMENT for table `employee_details`
--
ALTER TABLE `employee_details`
  MODIFY `id` int(11) NOT NULL AUTO_INCREMENT, AUTO_INCREMENT=39;

--
-- AUTO_INCREMENT for table `employee_reporting_manager`
--
ALTER TABLE `employee_reporting_manager`
  MODIFY `id` int(11) NOT NULL AUTO_INCREMENT, AUTO_INCREMENT=39;

--
-- AUTO_INCREMENT for table `holidays`
--
ALTER TABLE `holidays`
  MODIFY `id` int(11) NOT NULL AUTO_INCREMENT;

--
-- AUTO_INCREMENT for table `invoice`
--
ALTER TABLE `invoice`
  MODIFY `id` int(11) NOT NULL AUTO_INCREMENT, AUTO_INCREMENT=35;

--
-- AUTO_INCREMENT for table `invoice_details`
--
ALTER TABLE `invoice_details`
  MODIFY `id` int(11) NOT NULL AUTO_INCREMENT, AUTO_INCREMENT=34;

--
-- AUTO_INCREMENT for table `leave_details`
--
ALTER TABLE `leave_details`
  MODIFY `id` int(11) NOT NULL AUTO_INCREMENT, AUTO_INCREMENT=18;

--
-- AUTO_INCREMENT for table `messages`
--
ALTER TABLE `messages`
  MODIFY `id` int(11) NOT NULL AUTO_INCREMENT, AUTO_INCREMENT=12;

--
-- AUTO_INCREMENT for table `message_details`
--
ALTER TABLE `message_details`
  MODIFY `id` int(11) NOT NULL AUTO_INCREMENT, AUTO_INCREMENT=60;

--
-- AUTO_INCREMENT for table `new_message_log`
--
ALTER TABLE `new_message_log`
  MODIFY `id` int(11) NOT NULL AUTO_INCREMENT, AUTO_INCREMENT=60;

--
-- AUTO_INCREMENT for table `notices`
--
ALTER TABLE `notices`
  MODIFY `id` int(11) NOT NULL AUTO_INCREMENT;

--
-- AUTO_INCREMENT for table `pay_slip`
--
ALTER TABLE `pay_slip`
  MODIFY `id` int(11) NOT NULL AUTO_INCREMENT, AUTO_INCREMENT=33;

--
-- AUTO_INCREMENT for table `users`
--
ALTER TABLE `users`
  MODIFY `id` int(11) NOT NULL AUTO_INCREMENT, AUTO_INCREMENT=43;
COMMIT;

/*!40101 SET CHARACTER_SET_CLIENT=@OLD_CHARACTER_SET_CLIENT */;
/*!40101 SET CHARACTER_SET_RESULTS=@OLD_CHARACTER_SET_RESULTS */;
/*!40101 SET COLLATION_CONNECTION=@OLD_COLLATION_CONNECTION */;
